Date,Open,High,Low,Close,Adj Close,Volume
2019-12-31 09:30:00-05:00,3.700000047683716,3.7300000190734863,3.690000057220459,3.700000047683716,3.700000047683716,3745607
2019-12-31 10:30:00-05:00,3.7100000381469727,3.7100000381469727,3.690000057220459,3.690000057220459,3.690000057220459,2198909
2019-12-31 11:30:00-05:00,3.6953001022338867,3.7100000381469727,3.690000057220459,3.700000047683716,3.700000047683716,1761108
2019-12-31 12:30:00-05:00,3.7060999870300293,3.7100000381469727,3.700000047683716,3.7049999237060547,3.7049999237060547,1878340
2019-12-31 13:30:00-05:00,3.700000047683716,3.7100000381469727,3.700000047683716,3.700000047683716,3.700000047683716,1006069
2019-12-31 14:30:00-05:00,3.7049999237060547,3.7100000381469727,3.700000047683716,3.70989990234375,3.70989990234375,1774192
2019-12-31 15:30:00-05:00,3.7100000381469727,3.7100000381469727,3.700000047683716,3.7100000381469727,3.7100000381469727,1766871
2020-01-02 09:30:00-05:00,3.8399999141693115,3.8499999046325684,3.819999933242798,3.8373000621795654,3.8373000621795654,9667568
2020-01-02 10:30:00-05:00,3.8350000381469727,3.859999895095825,3.8299999237060547,3.8499999046325684,3.8499999046325684,4772321
2020-01-02 11:30:00-05:00,3.8499999046325684,3.880000114440918,3.8499999046325684,3.875,3.875,3119030
2020-01-02 12:30:00-05:00,3.875,3.880000114440918,3.859999895095825,3.869499921798706,3.869499921798706,2375963
2020-01-02 13:30:00-05:00,3.869999885559082,3.890000104904175,3.859999895095825,3.884999990463257,3.884999990463257,5407742
2020-01-02 14:30:00-05:00,3.890000104904175,3.890000104904175,3.869999885559082,3.875,3.875,3704995
2020-01-02 15:30:00-05:00,3.880000114440918,3.880000114440918,3.869999885559082,3.869999885559082,3.869999885559082,3444561
2020-01-03 09:30:00-05:00,3.8299999237060547,3.8499999046325684,3.819999933242798,3.8299999237060547,3.8299999237060547,8317058
2020-01-03 10:30:00-05:00,3.8299999237060547,3.8399999141693115,3.819999933242798,3.825000047683716,3.825000047683716,4753176
2020-01-03 11:30:00-05:00,3.8299999237060547,3.865000009536743,3.825000047683716,3.8550000190734863,3.8550000190734863,3941386
2020-01-03 12:30:00-05:00,3.859999895095825,3.859999895095825,3.8499999046325684,3.8550000190734863,3.8550000190734863,1225241
2020-01-03 13:30:00-05:00,3.8550000190734863,3.859999895095825,3.8299999237060547,3.8350000381469727,3.8350000381469727,2503895
2020-01-03 14:30:00-05:00,3.8399999141693115,3.8399999141693115,3.819999933242798,3.819999933242798,3.819999933242798,1959680
2020-01-03 15:30:00-05:00,3.825000047683716,3.8299999237060547,3.809999942779541,3.815000057220459,3.815000057220459,1893481
2020-01-06 09:30:00-05:00,3.8299999237060547,3.9200000762939453,3.819999933242798,3.9049999713897705,3.9049999713897705,15635263
2020-01-06 10:30:00-05:00,3.9000000953674316,3.9600000381469727,3.9000000953674316,3.944999933242798,3.944999933242798,12212380
2020-01-06 11:30:00-05:00,3.944999933242798,3.9800000190734863,3.930000066757202,3.9700000286102295,3.9700000286102295,5840734
2020-01-06 12:30:00-05:00,3.9714999198913574,3.990000009536743,3.930000066757202,3.940000057220459,3.940000057220459,8063052
2020-01-06 13:30:00-05:00,3.940000057220459,3.9600000381469727,3.930000066757202,3.9470999240875244,3.9470999240875244,5112439
2020-01-06 14:30:00-05:00,3.944999933242798,3.9700000286102295,3.940000057220459,3.9600000381469727,3.9600000381469727,4960613
2020-01-06 15:30:00-05:00,3.9649999141693115,3.9700000286102295,3.940000057220459,3.950000047683716,3.950000047683716,6309361
2020-01-07 09:30:00-05:00,3.9600000381469727,3.9700000286102295,3.940000057220459,3.9649999141693115,3.9649999141693115,12437608
2020-01-07 10:30:00-05:00,3.9649999141693115,4.010000228881836,3.950000047683716,3.984999895095825,3.984999895095825,8988099
2020-01-07 11:30:00-05:00,3.990000009536743,4.0,3.9800000190734863,3.984999895095825,3.984999895095825,2177825
2020-01-07 12:30:00-05:00,3.990000009536743,3.990000009536743,3.9700000286102295,3.975600004196167,3.975600004196167,2431128
2020-01-07 13:30:00-05:00,3.9749999046325684,3.9800000190734863,3.950000047683716,3.9549999237060547,3.9549999237060547,2745986
2020-01-07 14:30:00-05:00,3.9549999237060547,3.9700000286102295,3.950000047683716,3.9649999141693115,3.9649999141693115,2450016
2020-01-07 15:30:00-05:00,3.9600000381469727,3.9700000286102295,3.950000047683716,3.9600000381469727,3.9600000381469727,5024727
2020-01-08 09:30:00-05:00,4.019999980926514,4.050000190734863,4.010000228881836,4.034999847412109,4.034999847412109,12054798
2020-01-08 10:30:00-05:00,4.035299777984619,4.039999961853027,4.010000228881836,4.010000228881836,4.010000228881836,6919432
2020-01-08 11:30:00-05:00,4.010000228881836,4.039999961853027,4.010000228881836,4.039999961853027,4.039999961853027,3229675
2020-01-08 12:30:00-05:00,4.03000020980835,4.039999961853027,4.03000020980835,4.039999961853027,4.039999961853027,1314131
2020-01-08 13:30:00-05:00,4.039999961853027,4.050000190734863,4.03000020980835,4.039999961853027,4.039999961853027,3602657
2020-01-08 14:30:00-05:00,4.034999847412109,4.039999961853027,4.03000020980835,4.03000020980835,4.03000020980835,2202980
2020-01-08 15:30:00-05:00,4.03000020980835,4.039999961853027,4.019999980926514,4.03000020980835,4.03000020980835,2063723
2020-01-09 09:30:00-05:00,4.070000171661377,4.079999923706055,4.019999980926514,4.03000020980835,4.03000020980835,8871856
2020-01-09 10:30:00-05:00,4.03000020980835,4.039999961853027,4.019999980926514,4.025000095367432,4.025000095367432,2445406
2020-01-09 11:30:00-05:00,4.014599800109863,4.03000020980835,4.010000228881836,4.03000020980835,4.03000020980835,3827601
2020-01-09 12:30:00-05:00,4.03000020980835,4.03000020980835,4.0,4.014999866485596,4.014999866485596,3082080
2020-01-09 13:30:00-05:00,4.014999866485596,4.019999980926514,4.0,4.005000114440918,4.005000114440918,1640689
2020-01-09 14:30:00-05:00,4.005000114440918,4.019999980926514,4.0,4.005000114440918,4.005000114440918,2357743
2020-01-09 15:30:00-05:00,4.005000114440918,4.019999980926514,4.0,4.010000228881836,4.010000228881836,2284911
2020-01-10 09:30:00-05:00,4.039999961853027,4.070000171661377,4.019999980926514,4.065000057220459,4.065000057220459,6152958
2020-01-10 10:30:00-05:00,4.065000057220459,4.070000171661377,4.039999961853027,4.045000076293945,4.045000076293945,3862611
2020-01-10 11:30:00-05:00,4.045000076293945,4.050000190734863,4.03000020980835,4.039999961853027,4.039999961853027,3218179
2020-01-10 12:30:00-05:00,4.045000076293945,4.050000190734863,4.019999980926514,4.024199962615967,4.024199962615967,1804383
2020-01-10 13:30:00-05:00,4.025000095367432,4.039999961853027,4.019999980926514,4.039999961853027,4.039999961853027,2511615
2020-01-10 14:30:00-05:00,4.039999961853027,4.039999961853027,4.03000020980835,4.034999847412109,4.034999847412109,1277528
2020-01-10 15:30:00-05:00,4.034999847412109,4.039999961853027,4.019999980926514,4.025000095367432,4.025000095367432,1851870
2020-01-13 09:30:00-05:00,4.090000152587891,4.099999904632568,4.059999942779541,4.070000171661377,4.070000171661377,7875325
2020-01-13 10:30:00-05:00,4.074999809265137,4.079999923706055,4.059999942779541,4.066800117492676,4.066800117492676,5552274
2020-01-13 11:30:00-05:00,4.070000171661377,4.070000171661377,4.059999942779541,4.070000171661377,4.070000171661377,2476884
2020-01-13 12:30:00-05:00,4.070000171661377,4.079999923706055,4.059999942779541,4.070000171661377,4.070000171661377,2055491
2020-01-13 13:30:00-05:00,4.079999923706055,4.079999923706055,4.050000190734863,4.054999828338623,4.054999828338623,4367663
2020-01-13 14:30:00-05:00,4.054999828338623,4.070000171661377,4.050000190734863,4.059999942779541,4.059999942779541,4412975
2020-01-13 15:30:00-05:00,4.065000057220459,4.070000171661377,4.059999942779541,4.070000171661377,4.070000171661377,2350659
2020-01-14 09:30:00-05:00,4.019999980926514,4.039999961853027,4.010000228881836,4.014999866485596,4.014999866485596,6167967
2020-01-14 10:30:00-05:00,4.014999866485596,4.019999980926514,4.0,4.014999866485596,4.014999866485596,4053694
2020-01-14 11:30:00-05:00,4.019999980926514,4.019999980926514,4.010000228881836,4.014999866485596,4.014999866485596,1669637
2020-01-14 12:30:00-05:00,4.014699935913086,4.019999980926514,4.010000228881836,4.014999866485596,4.014999866485596,1229003
2020-01-14 13:30:00-05:00,4.016600131988525,4.019999980926514,4.0,4.005000114440918,4.005000114440918,3114112
2020-01-14 14:30:00-05:00,4.0,4.010000228881836,4.0,4.005000114440918,4.005000114440918,2320352
2020-01-14 15:30:00-05:00,4.005000114440918,4.010000228881836,3.990000009536743,4.005000114440918,4.005000114440918,3977891
2020-01-15 09:30:00-05:00,4.010000228881836,4.050000190734863,4.0,4.039999961853027,4.039999961853027,4812646
2020-01-15 10:30:00-05:00,4.034999847412109,4.070000171661377,4.03000020980835,4.059999942779541,4.059999942779541,3525579
2020-01-15 11:30:00-05:00,4.070000171661377,4.090000152587891,4.062099933624268,4.079999923706055,4.079999923706055,2825164
2020-01-15 12:30:00-05:00,4.090000152587891,4.099999904632568,4.079999923706055,4.09499979019165,4.09499979019165,2785336
2020-01-15 13:30:00-05:00,4.09499979019165,4.099999904632568,4.079999923706055,4.09499979019165,4.09499979019165,1869449
2020-01-15 14:30:00-05:00,4.09499979019165,4.099999904632568,4.079999923706055,4.085000038146973,4.085000038146973,2424603
2020-01-15 15:30:00-05:00,4.079999923706055,4.090000152587891,4.059999942779541,4.059999942779541,4.059999942779541,2534314
2020-01-16 09:30:00-05:00,4.130000114440918,4.199999809265137,4.130000114440918,4.190000057220459,4.190000057220459,8974207
2020-01-16 10:30:00-05:00,4.195000171661377,4.215000152587891,4.179999828338623,4.204999923706055,4.204999923706055,5198010
2020-01-16 11:30:00-05:00,4.199999809265137,4.21999979019165,4.190000057220459,4.215000152587891,4.215000152587891,3875678
2020-01-16 12:30:00-05:00,4.219900131225586,4.239999771118164,4.210000038146973,4.239999771118164,4.239999771118164,3188042
2020-01-16 13:30:00-05:00,4.231400012969971,4.239999771118164,4.210000038146973,4.211100101470947,4.211100101470947,2809569
2020-01-16 14:30:00-05:00,4.210000038146973,4.215000152587891,4.190000057220459,4.210000038146973,4.210000038146973,3385524
2020-01-16 15:30:00-05:00,4.204999923706055,4.210000038146973,4.199999809265137,4.199999809265137,4.199999809265137,2124191
2020-01-17 09:30:00-05:00,4.210000038146973,4.21999979019165,4.150000095367432,4.150000095367432,4.150000095367432,9831845
2020-01-17 10:30:00-05:00,4.15500020980835,4.159999847412109,4.130000114440918,4.150000095367432,4.150000095367432,7115532
2020-01-17 11:30:00-05:00,4.139999866485596,4.146599769592285,4.119999885559082,4.119999885559082,4.119999885559082,2664486
2020-01-17 12:30:00-05:00,4.119999885559082,4.139999866485596,4.119999885559082,4.130000114440918,4.130000114440918,1731602
2020-01-17 13:30:00-05:00,4.135000228881836,4.139999866485596,4.119999885559082,4.135000228881836,4.135000228881836,1827918
2020-01-17 14:30:00-05:00,4.135000228881836,4.159999847412109,4.130000114440918,4.144999980926514,4.144999980926514,2882966
2020-01-17 15:30:00-05:00,4.144999980926514,4.150000095367432,4.139999866485596,4.1458001136779785,4.1458001136779785,1632569
2020-01-21 09:30:00-05:00,4.159999847412109,4.170000076293945,4.099999904632568,4.110000133514404,4.110000133514404,6973571
2020-01-21 10:30:00-05:00,4.110000133514404,4.119999885559082,4.090000152587891,4.110000133514404,4.110000133514404,3966030
2020-01-21 11:30:00-05:00,4.115200042724609,4.130000114440918,4.110000133514404,4.126999855041504,4.126999855041504,1764593
2020-01-21 12:30:00-05:00,4.120999813079834,4.150000095367432,4.119999885559082,4.135000228881836,4.135000228881836,3183502
2020-01-21 13:30:00-05:00,4.130000114440918,4.139999866485596,4.119999885559082,4.135000228881836,4.135000228881836,2098428
2020-01-21 14:30:00-05:00,4.135000228881836,4.139999866485596,4.130000114440918,4.139999866485596,4.139999866485596,1630528
2020-01-21 15:30:00-05:00,4.139999866485596,4.139999866485596,4.119999885559082,4.119999885559082,4.119999885559082,1381783
2020-01-22 09:30:00-05:00,4.099999904632568,4.139999866485596,4.09499979019165,4.105000019073486,4.105000019073486,5948171
2020-01-22 10:30:00-05:00,4.099999904632568,4.119999885559082,4.090000152587891,4.099999904632568,4.099999904632568,6437310
2020-01-22 11:30:00-05:00,4.105000019073486,4.110000133514404,4.090000152587891,4.099999904632568,4.099999904632568,1633225
2020-01-22 12:30:00-05:00,4.092299938201904,4.099999904632568,4.090000152587891,4.090000152587891,4.090000152587891,877567
2020-01-22 13:30:00-05:00,4.099999904632568,4.099999904632568,4.090000152587891,4.09499979019165,4.09499979019165,949860
2020-01-22 14:30:00-05:00,4.090000152587891,4.099999904632568,4.090000152587891,4.090000152587891,4.090000152587891,1520112
2020-01-22 15:30:00-05:00,4.09499979019165,4.099999904632568,4.090000152587891,4.09499979019165,4.09499979019165,1739162
2020-01-23 09:30:00-05:00,4.059999942779541,4.070000171661377,4.019999980926514,4.050300121307373,4.050300121307373,7884290
2020-01-23 10:30:00-05:00,4.0507001876831055,4.059999942779541,4.03000020980835,4.045000076293945,4.045000076293945,6675818
2020-01-23 11:30:00-05:00,4.050000190734863,4.070000171661377,4.039999961853027,4.065000057220459,4.065000057220459,3141990
2020-01-23 12:30:00-05:00,4.065000057220459,4.070000171661377,4.050000190734863,4.054999828338623,4.054999828338623,2078620
2020-01-23 13:30:00-05:00,4.054999828338623,4.070000171661377,4.050000190734863,4.065000057220459,4.065000057220459,1221926
2020-01-23 14:30:00-05:00,4.06689977645874,4.079999923706055,4.050000190734863,4.059999942779541,4.059999942779541,3335518
2020-01-23 15:30:00-05:00,4.054999828338623,4.059999942779541,4.050000190734863,4.050000190734863,4.050000190734863,2468363
2020-01-24 09:30:00-05:00,4.090000152587891,4.090000152587891,4.039999961853027,4.054999828338623,4.054999828338623,8196327
2020-01-24 10:30:00-05:00,4.054999828338623,4.059999942779541,4.03000020980835,4.030200004577637,4.030200004577637,5857502
2020-01-24 11:30:00-05:00,4.034999847412109,4.050000190734863,4.03000020980835,4.034999847412109,4.034999847412109,3267993
2020-01-24 12:30:00-05:00,4.031300067901611,4.039999961853027,4.03000020980835,4.03000020980835,4.03000020980835,1077233
2020-01-24 13:30:00-05:00,4.03000020980835,4.039999961853027,4.0,4.0,4.0,3274390
2020-01-24 14:30:00-05:00,4.005000114440918,4.03000020980835,4.0,4.03000020980835,4.03000020980835,3415820
2020-01-24 15:30:00-05:00,4.03000020980835,4.050000190734863,4.019999980926514,4.050000190734863,4.050000190734863,3534426
2020-01-27 09:30:00-05:00,3.940000057220459,3.9600000381469727,3.9000000953674316,3.9549999237060547,3.9549999237060547,7840774
2020-01-27 10:30:00-05:00,3.9549999237060547,3.9600000381469727,3.9200000762939453,3.940000057220459,3.940000057220459,5591923
2020-01-27 11:30:00-05:00,3.934999942779541,3.9700000286102295,3.930000066757202,3.9700000286102295,3.9700000286102295,1825739
2020-01-27 12:30:00-05:00,3.963099956512451,3.9800000190734863,3.9600000381469727,3.9649999141693115,3.9649999141693115,2967676
2020-01-27 13:30:00-05:00,3.9600000381469727,3.9700000286102295,3.950000047683716,3.9655001163482666,3.9655001163482666,2098152
2020-01-27 14:30:00-05:00,3.963399887084961,3.9800000190734863,3.9600000381469727,3.9600000381469727,3.9600000381469727,1717986
2020-01-27 15:30:00-05:00,3.9600000381469727,3.9700000286102295,3.930000066757202,3.930000066757202,3.930000066757202,4094986
2020-01-28 09:30:00-05:00,3.990000009536743,4.059999942779541,3.9800000190734863,4.050000190734863,4.050000190734863,7283812
2020-01-28 10:30:00-05:00,4.050000190734863,4.070000171661377,4.039999961853027,4.050000190734863,4.050000190734863,5400990
2020-01-28 11:30:00-05:00,4.045000076293945,4.050000190734863,4.03000020980835,4.045000076293945,4.045000076293945,1897335
2020-01-28 12:30:00-05:00,4.045000076293945,4.050000190734863,4.039999961853027,4.045000076293945,4.045000076293945,929266
2020-01-28 13:30:00-05:00,4.040200233459473,4.050000190734863,4.03000020980835,4.046000003814697,4.046000003814697,2640203
2020-01-28 14:30:00-05:00,4.050000190734863,4.050000190734863,4.03000020980835,4.039999961853027,4.039999961853027,2942753
2020-01-28 15:30:00-05:00,4.039999961853027,4.039999961853027,4.03000020980835,4.03000020980835,4.03000020980835,1878848
2020-01-29 09:30:00-05:00,4.0,4.019999980926514,3.9600000381469727,3.9749999046325684,3.9749999046325684,6536710
2020-01-29 10:30:00-05:00,3.9800000190734863,3.9800000190734863,3.950000047683716,3.9549999237060547,3.9549999237060547,4340222
2020-01-29 11:30:00-05:00,3.9549999237060547,3.9600000381469727,3.930000066757202,3.9588000774383545,3.9588000774383545,3066167
2020-01-29 12:30:00-05:00,3.9600000381469727,3.9600000381469727,3.9200000762939453,3.9200000762939453,3.9200000762939453,4104604
2020-01-29 13:30:00-05:00,3.924999952316284,3.940000057220459,3.9100000858306885,3.930000066757202,3.930000066757202,2877643
2020-01-29 14:30:00-05:00,3.934999942779541,3.940000057220459,3.9200000762939453,3.9200000762939453,3.9200000762939453,1419708
2020-01-29 15:30:00-05:00,3.9200000762939453,3.930000066757202,3.9000000953674316,3.9000000953674316,3.9000000953674316,4691340
2020-01-30 09:30:00-05:00,3.880000114440918,3.9200000762939453,3.869999885559082,3.8949999809265137,3.8949999809265137,5527458
2020-01-30 10:30:00-05:00,3.8949999809265137,3.9100000858306885,3.880000114440918,3.9049999713897705,3.9049999713897705,4492831
2020-01-30 11:30:00-05:00,3.9049999713897705,3.9200000762939453,3.9000000953674316,3.9049999713897705,3.9049999713897705,2176431
2020-01-30 12:30:00-05:00,3.9000000953674316,3.9200000762939453,3.890000104904175,3.9100000858306885,3.9100000858306885,3130006
2020-01-30 13:30:00-05:00,3.9149999618530273,3.930000066757202,3.9100000858306885,3.930000066757202,3.930000066757202,1888270
2020-01-30 14:30:00-05:00,3.930000066757202,3.950000047683716,3.9247000217437744,3.944999933242798,3.944999933242798,3673218
2020-01-30 15:30:00-05:00,3.950000047683716,3.950000047683716,3.940000057220459,3.940000057220459,3.940000057220459,1789466
2020-01-31 09:30:00-05:00,3.9200000762939453,3.9200000762939453,3.880000114440918,3.881999969482422,3.881999969482422,5629451
2020-01-31 10:30:00-05:00,3.884999990463257,3.890000104904175,3.859999895095825,3.875,3.875,5471986
2020-01-31 11:30:00-05:00,3.875,3.9000000953674316,3.869999885559082,3.880000114440918,3.880000114440918,4171271
2020-01-31 12:30:00-05:00,3.890000104904175,3.890000104904175,3.869999885559082,3.875,3.875,1715428
2020-01-31 13:30:00-05:00,3.875,3.880000114440918,3.859999895095825,3.869999885559082,3.869999885559082,2990637
2020-01-31 14:30:00-05:00,3.875,3.880000114440918,3.859999895095825,3.875,3.875,2564339
2020-01-31 15:30:00-05:00,3.875,3.890000104904175,3.865000009536743,3.880000114440918,3.880000114440918,2473568
2020-02-03 09:30:00-05:00,3.930000066757202,3.934999942779541,3.9000000953674316,3.9100000858306885,3.9100000858306885,7643493
2020-02-03 10:30:00-05:00,3.9100000858306885,3.9100000858306885,3.869999885559082,3.8850998878479004,3.8850998878479004,6014153
2020-02-03 11:30:00-05:00,3.8833999633789062,3.9000000953674316,3.859999895095825,3.8949999809265137,3.8949999809265137,4266416
2020-02-03 12:30:00-05:00,3.8949999809265137,3.9000000953674316,3.880000114440918,3.8868000507354736,3.8868000507354736,4446763
2020-02-03 13:30:00-05:00,3.890000104904175,3.9000000953674316,3.880000114440918,3.8949999809265137,3.8949999809265137,4479108
2020-02-03 14:30:00-05:00,3.8949999809265137,3.9000000953674316,3.880000114440918,3.9000000953674316,3.9000000953674316,2912302
2020-02-03 15:30:00-05:00,3.9000000953674316,3.9000000953674316,3.880000114440918,3.884999990463257,3.884999990463257,1564415
2020-02-04 09:30:00-05:00,3.9100000858306885,3.930000066757202,3.890000104904175,3.924999952316284,3.924999952316284,9731722
2020-02-04 10:30:00-05:00,3.924999952316284,3.9700000286102295,3.9200000762939453,3.9649999141693115,3.9649999141693115,6116623
2020-02-04 11:30:00-05:00,3.9649999141693115,3.9800000190734863,3.9600000381469727,3.9649999141693115,3.9649999141693115,2255883
2020-02-04 12:30:00-05:00,3.9700000286102295,3.9700000286102295,3.940000057220459,3.944999933242798,3.944999933242798,2115849
2020-02-04 13:30:00-05:00,3.950000047683716,3.9800000190734863,3.940000057220459,3.955199956893921,3.955199956893921,3808627
2020-02-04 14:30:00-05:00,3.9600000381469727,3.9700000286102295,3.950000047683716,3.9649999141693115,3.9649999141693115,2579996
2020-02-04 15:30:00-05:00,3.9649999141693115,3.9700000286102295,3.950000047683716,3.950000047683716,3.950000047683716,2283298
2020-02-05 09:30:00-05:00,4.010000228881836,4.010000228881836,3.940000057220459,3.9600000381469727,3.9600000381469727,5614810
2020-02-05 10:30:00-05:00,3.9549999237060547,3.9700000286102295,3.940000057220459,3.9649999141693115,3.9649999141693115,2703899
2020-02-05 11:30:00-05:00,3.9607999324798584,3.9800000190734863,3.9600000381469727,3.9749999046325684,3.9749999046325684,2514899
2020-02-05 12:30:00-05:00,3.9700000286102295,3.9800000190734863,3.9700000286102295,3.9749999046325684,3.9749999046325684,1651110
2020-02-05 13:30:00-05:00,3.9749999046325684,4.0,3.9600000381469727,3.994999885559082,3.994999885559082,4095710
2020-02-05 14:30:00-05:00,3.994999885559082,4.03000020980835,3.990000009536743,4.019999980926514,4.019999980926514,4987109
2020-02-05 15:30:00-05:00,4.015900135040283,4.03000020980835,4.0,4.019999980926514,4.019999980926514,5255697
2020-02-06 09:30:00-05:00,4.005000114440918,4.039999961853027,3.950000047683716,4.03000020980835,4.03000020980835,19702099
2020-02-06 10:30:00-05:00,4.03000020980835,4.090000152587891,4.03000020980835,4.059999942779541,4.059999942779541,16506916
2020-02-06 11:30:00-05:00,4.059999942779541,4.150000095367432,4.059999942779541,4.125,4.125,19923125
2020-02-06 12:30:00-05:00,4.125,4.170000076293945,4.119999885559082,4.15500020980835,4.15500020980835,6027074
2020-02-06 13:30:00-05:00,4.159999847412109,4.21999979019165,4.150000095367432,4.210000038146973,4.210000038146973,11527066
2020-02-06 14:30:00-05:00,4.204999923706055,4.21999979019165,4.159999847412109,4.210000038146973,4.210000038146973,8310974
2020-02-06 15:30:00-05:00,4.215000152587891,4.21999979019165,4.199999809265137,4.210000038146973,4.210000038146973,6580607
2020-02-07 09:30:00-05:00,4.28000020980835,4.389999866485596,4.260000228881836,4.315000057220459,4.315000057220459,37930186
2020-02-07 10:30:00-05:00,4.318999767303467,4.389999866485596,4.309999942779541,4.349999904632568,4.349999904632568,24946455
2020-02-07 11:30:00-05:00,4.354899883270264,4.380000114440918,4.329999923706055,4.375,4.375,7712311
2020-02-07 12:30:00-05:00,4.375,4.420000076293945,4.369999885559082,4.414999961853027,4.414999961853027,9152237
2020-02-07 13:30:00-05:00,4.414999961853027,4.420000076293945,4.389999866485596,4.394999980926514,4.394999980926514,5134738
2020-02-07 14:30:00-05:00,4.394999980926514,4.400000095367432,4.364999771118164,4.400000095367432,4.400000095367432,8509731
2020-02-07 15:30:00-05:00,4.394999980926514,4.409999847412109,4.369999885559082,4.375,4.375,7295573
2020-02-10 09:30:00-05:00,4.289999961853027,4.309999942779541,4.190000057220459,4.210000038146973,4.210000038146973,23123007
2020-02-10 10:30:00-05:00,4.199999809265137,4.210000038146973,4.170000076293945,4.200099945068359,4.200099945068359,14815287
2020-02-10 11:30:00-05:00,4.204999923706055,4.25,4.199999809265137,4.230000019073486,4.230000019073486,5916496
2020-02-10 12:30:00-05:00,4.230000019073486,4.269999980926514,4.21999979019165,4.269999980926514,4.269999980926514,4489243
2020-02-10 13:30:00-05:00,4.260000228881836,4.269999980926514,4.25,4.260000228881836,4.260000228881836,3336227
2020-02-10 14:30:00-05:00,4.260000228881836,4.289999961853027,4.239999771118164,4.28000020980835,4.28000020980835,5471084
2020-02-10 15:30:00-05:00,4.275000095367432,4.28000020980835,4.255000114440918,4.264999866485596,4.264999866485596,4839336
2020-02-11 09:30:00-05:00,4.429999828338623,4.519999980926514,4.409999847412109,4.5192999839782715,4.5192999839782715,30351911
2020-02-11 10:30:00-05:00,4.5152997970581055,4.53000020980835,4.449999809265137,4.45989990234375,4.45989990234375,17895021
2020-02-11 11:30:00-05:00,4.452000141143799,4.489999771118164,4.440000057220459,4.474999904632568,4.474999904632568,11105885
2020-02-11 12:30:00-05:00,4.474999904632568,4.480000019073486,4.380000114440918,4.40500020980835,4.40500020980835,8350998
2020-02-11 13:30:00-05:00,4.40500020980835,4.440000057220459,4.400000095367432,4.40500020980835,4.40500020980835,4235894
2020-02-11 14:30:00-05:00,4.40500020980835,4.409999847412109,4.385000228881836,4.40500020980835,4.40500020980835,4703204
2020-02-11 15:30:00-05:00,4.40500020980835,4.429999828338623,4.400000095367432,4.409999847412109,4.409999847412109,4569597
2020-02-12 09:30:00-05:00,4.429999828338623,4.449999809265137,4.389999866485596,4.420000076293945,4.420000076293945,10616352
2020-02-12 10:30:00-05:00,4.425000190734863,4.489999771118164,4.420000076293945,4.465000152587891,4.465000152587891,7709935
2020-02-12 11:30:00-05:00,4.460000038146973,4.46999979019165,4.420000076293945,4.420000076293945,4.420000076293945,4039356
2020-02-12 12:30:00-05:00,4.42140007019043,4.429999828338623,4.400000095367432,4.405099868774414,4.405099868774414,3301522
2020-02-12 13:30:00-05:00,4.405799865722656,4.429999828338623,4.400000095367432,4.414999961853027,4.414999961853027,2800452
2020-02-12 14:30:00-05:00,4.415900230407715,4.420000076293945,4.400000095367432,4.420000076293945,4.420000076293945,2706523
2020-02-12 15:30:00-05:00,4.414999961853027,4.420000076293945,4.400000095367432,4.420000076293945,4.420000076293945,3047344
2020-02-13 09:30:00-05:00,4.340000152587891,4.380000114440918,4.320000171661377,4.349999904632568,4.349999904632568,9373778
2020-02-13 10:30:00-05:00,4.354800224304199,4.389999866485596,4.349999904632568,4.385000228881836,4.385000228881836,4667207
2020-02-13 11:30:00-05:00,4.389999866485596,4.400000095367432,4.369999885559082,4.380000114440918,4.380000114440918,2745191
2020-02-13 12:30:00-05:00,4.385000228881836,4.389999866485596,4.352099895477295,4.36460018157959,4.36460018157959,2498766
2020-02-13 13:30:00-05:00,4.368100166320801,4.380000114440918,4.349999904632568,4.369999885559082,4.369999885559082,3534605
2020-02-13 14:30:00-05:00,4.364999771118164,4.380000114440918,4.349999904632568,4.360000133514404,4.360000133514404,3800589
2020-02-13 15:30:00-05:00,4.349999904632568,4.360000133514404,4.329999923706055,4.329999923706055,4.329999923706055,3481280
2020-02-14 09:30:00-05:00,4.304999828338623,4.329999923706055,4.289999961853027,4.324999809265137,4.324999809265137,5259636
2020-02-14 10:30:00-05:00,4.323800086975098,4.329999923706055,4.28000020980835,4.304999828338623,4.304999828338623,5084540
2020-02-14 11:30:00-05:00,4.305099964141846,4.329999923706055,4.300000190734863,4.301300048828125,4.301300048828125,3602005
2020-02-14 12:30:00-05:00,4.30109977722168,4.320000171661377,4.300000190734863,4.315000057220459,4.315000057220459,1831185
2020-02-14 13:30:00-05:00,4.315000057220459,4.329999923706055,4.300000190734863,4.320000171661377,4.320000171661377,2635567
2020-02-14 14:30:00-05:00,4.320000171661377,4.329999923706055,4.309999942779541,4.324999809265137,4.324999809265137,2058170
2020-02-14 15:30:00-05:00,4.324999809265137,4.329999923706055,4.320000171661377,4.329999923706055,4.329999923706055,2251063
2020-02-18 09:30:00-05:00,4.239999771118164,4.25,4.21999979019165,4.21999979019165,4.21999979019165,8420287
2020-02-18 10:30:00-05:00,4.21999979019165,4.239999771118164,4.210000038146973,4.230000019073486,4.230000019073486,6441935
2020-02-18 11:30:00-05:00,4.230000019073486,4.230000019073486,4.21999979019165,4.224999904632568,4.224999904632568,890047
2020-02-18 12:30:00-05:00,4.230000019073486,4.25,4.21999979019165,4.244999885559082,4.244999885559082,1931304
2020-02-18 13:30:00-05:00,4.25,4.25,4.239999771118164,4.239999771118164,4.239999771118164,1475916
2020-02-18 14:30:00-05:00,4.239999771118164,4.25,4.239999771118164,4.244999885559082,4.244999885559082,1106374
2020-02-18 15:30:00-05:00,4.244999885559082,4.25,4.239999771118164,4.25,4.25,1700133
2020-02-19 09:30:00-05:00,4.230000019073486,4.25,4.21999979019165,4.244999885559082,4.244999885559082,7752777
2020-02-19 10:30:00-05:00,4.244999885559082,4.25,4.21999979019165,4.235000133514404,4.235000133514404,5254173
2020-02-19 11:30:00-05:00,4.239999771118164,4.239999771118164,4.230000019073486,4.235000133514404,4.235000133514404,3062310
2020-02-19 12:30:00-05:00,4.230000019073486,4.239999771118164,4.21999979019165,4.226500034332275,4.226500034332275,2327328
2020-02-19 13:30:00-05:00,4.21999979019165,4.230000019073486,4.21999979019165,4.224999904632568,4.224999904632568,1239208
2020-02-19 14:30:00-05:00,4.230000019073486,4.230000019073486,4.210000038146973,4.215000152587891,4.215000152587891,2841923
2020-02-19 15:30:00-05:00,4.215000152587891,4.21999979019165,4.199999809265137,4.204999923706055,4.204999923706055,3824762
2020-02-20 09:30:00-05:00,4.190000057220459,4.190000057220459,4.159999847412109,4.175000190734863,4.175000190734863,5517182
2020-02-20 10:30:00-05:00,4.171899795532227,4.179999828338623,4.130000114440918,4.135000228881836,4.135000228881836,6189727
2020-02-20 11:30:00-05:00,4.135000228881836,4.159999847412109,4.099999904632568,4.159999847412109,4.159999847412109,5249717
2020-02-20 12:30:00-05:00,4.15500020980835,4.175000190734863,4.150000095367432,4.170000076293945,4.170000076293945,3280736
2020-02-20 13:30:00-05:00,4.170000076293945,4.170000076293945,4.150000095367432,4.15500020980835,4.15500020980835,1899694
2020-02-20 14:30:00-05:00,4.15500020980835,4.159999847412109,4.150000095367432,4.15500020980835,4.15500020980835,1324603
2020-02-20 15:30:00-05:00,4.15500020980835,4.159999847412109,4.150000095367432,4.150000095367432,4.150000095367432,1785012
2020-02-21 09:30:00-05:00,4.14169979095459,4.150000095367432,4.110000133514404,4.125,4.125,7051141
2020-02-21 10:30:00-05:00,4.122000217437744,4.159999847412109,4.119999885559082,4.159999847412109,4.159999847412109,4565469
2020-02-21 11:30:00-05:00,4.153800010681152,4.170000076293945,4.150000095367432,4.164999961853027,4.164999961853027,3358773
2020-02-21 12:30:00-05:00,4.164999961853027,4.170000076293945,4.159999847412109,4.164999961853027,4.164999961853027,595765
2020-02-21 13:30:00-05:00,4.164999961853027,4.179999828338623,4.159999847412109,4.164999961853027,4.164999961853027,2142787
2020-02-21 14:30:00-05:00,4.164999961853027,4.170000076293945,4.159999847412109,4.167399883270264,4.167399883270264,1114029
2020-02-21 15:30:00-05:00,4.164999961853027,4.170000076293945,4.159999847412109,4.159999847412109,4.159999847412109,1722895
2020-02-24 09:30:00-05:00,4.010000228881836,4.070000171661377,4.0,4.014999866485596,4.014999866485596,11601356
2020-02-24 10:30:00-05:00,4.019999980926514,4.050000190734863,4.0,4.039999961853027,4.039999961853027,7766493
2020-02-24 11:30:00-05:00,4.048099994659424,4.050000190734863,4.010000228881836,4.017499923706055,4.017499923706055,3759805
2020-02-24 12:30:00-05:00,4.010000228881836,4.03000020980835,4.0,4.010000228881836,4.010000228881836,4259476
2020-02-24 13:30:00-05:00,4.010000228881836,4.039999961853027,4.010000228881836,4.039999961853027,4.039999961853027,2903876
2020-02-24 14:30:00-05:00,4.030099868774414,4.039999961853027,4.019999980926514,4.025000095367432,4.025000095367432,2057142
2020-02-24 15:30:00-05:00,4.02810001373291,4.03000020980835,4.010000228881836,4.014999866485596,4.014999866485596,2670335
2020-02-25 09:30:00-05:00,4.039999961853027,4.039999961853027,3.9600000381469727,3.9700000286102295,3.9700000286102295,10362498
2020-02-25 10:30:00-05:00,3.9700000286102295,4.0,3.9600000381469727,3.9700000286102295,3.9700000286102295,6501818
2020-02-25 11:30:00-05:00,3.9721999168395996,4.019999980926514,3.9700000286102295,3.994999885559082,3.994999885559082,3002284
2020-02-25 12:30:00-05:00,3.994999885559082,4.010000228881836,3.9600000381469727,3.9600000381469727,3.9600000381469727,2402306
2020-02-25 13:30:00-05:00,3.9649999141693115,3.9700000286102295,3.9000000953674316,3.9126999378204346,3.9126999378204346,5152021
2020-02-25 14:30:00-05:00,3.9100000858306885,3.9600000381469727,3.9000000953674316,3.924999952316284,3.924999952316284,4213093
2020-02-25 15:30:00-05:00,3.9200000762939453,3.930000066757202,3.9100000858306885,3.9100000858306885,3.9100000858306885,3764106
2020-02-26 09:30:00-05:00,3.990000009536743,4.03000020980835,3.9649999141693115,4.010000228881836,4.010000228881836,12643346
2020-02-26 10:30:00-05:00,4.010000228881836,4.03000020980835,3.9800000190734863,4.014999866485596,4.014999866485596,6970567
2020-02-26 11:30:00-05:00,4.019999980926514,4.019999980926514,3.950000047683716,3.973900079727173,3.973900079727173,4624801
2020-02-26 12:30:00-05:00,3.9800000190734863,4.429999828338623,3.9700000286102295,4.239999771118164,4.239999771118164,20715269
2020-02-26 13:30:00-05:00,4.230000019073486,4.239999771118164,4.039999961853027,4.215000152587891,4.215000152587891,18418689
2020-02-26 14:30:00-05:00,4.215000152587891,4.260000228881836,4.110000133514404,4.135000228881836,4.135000228881836,22940432
2020-02-26 15:30:00-05:00,4.135000228881836,4.170000076293945,4.130000114440918,4.150000095367432,4.150000095367432,5824616
2020-02-27 09:30:00-05:00,4.010000228881836,4.039999961853027,3.950000047683716,3.9539999961853027,3.9539999961853027,17117147
2020-02-27 10:30:00-05:00,3.9600000381469727,4.070000171661377,3.940000057220459,4.025000095367432,4.025000095367432,13820889
2020-02-27 11:30:00-05:00,4.025000095367432,4.114999771118164,4.010000228881836,4.103600025177002,4.103600025177002,8185330
2020-02-27 12:30:00-05:00,4.105000019073486,4.110000133514404,4.050000190734863,4.054999828338623,4.054999828338623,5336080
2020-02-27 13:30:00-05:00,4.054999828338623,4.070000171661377,4.010000228881836,4.047699928283691,4.047699928283691,6026811
2020-02-27 14:30:00-05:00,4.039999961853027,4.045000076293945,4.010000228881836,4.014999866485596,4.014999866485596,4600362
2020-02-27 15:30:00-05:00,4.014999866485596,4.019999980926514,3.9600000381469727,3.9600000381469727,3.9600000381469727,0
2020-02-28 09:30:00-05:00,3.8399999141693115,3.890000104904175,3.7799999713897705,3.7850000858306885,3.7850000858306885,12627251
2020-02-28 10:30:00-05:00,3.7799999713897705,3.8399999141693115,3.7799999713897705,3.819999933242798,3.819999933242798,12513959
2020-02-28 11:30:00-05:00,3.819000005722046,3.890000104904175,3.809999942779541,3.8499999046325684,3.8499999046325684,8737861
2020-02-28 12:30:00-05:00,3.8450000286102295,3.890000104904175,3.8399999141693115,3.8499999046325684,3.8499999046325684,7970301
2020-02-28 13:30:00-05:00,3.8499999046325684,3.859999895095825,3.7899999618530273,3.8299999237060547,3.8299999237060547,5138878
2020-02-28 14:30:00-05:00,3.8350000381469727,3.869999885559082,3.809999942779541,3.809999942779541,3.809999942779541,7023626
2020-02-28 15:30:00-05:00,3.809999942779541,3.880000114440918,3.809999942779541,3.875,3.875,3626171
2020-03-02 09:30:00-05:00,3.9100000858306885,3.9100000858306885,3.8499999046325684,3.875,3.875,12836103
2020-03-02 10:30:00-05:00,3.869999885559082,3.930000066757202,3.8499999046325684,3.924999952316284,3.924999952316284,6842383
2020-03-02 11:30:00-05:00,3.924999952316284,3.9600000381469727,3.9100000858306885,3.912600040435791,3.912600040435791,3268236
2020-03-02 12:30:00-05:00,3.9149999618530273,3.930000066757202,3.8499999046325684,3.858299970626831,3.858299970626831,4810413
2020-03-02 13:30:00-05:00,3.8550000190734863,3.880000114440918,3.8499999046325684,3.872999906539917,3.872999906539917,3082149
2020-03-02 14:30:00-05:00,3.875,3.890000104904175,3.8499999046325684,3.884999990463257,3.884999990463257,5762734
2020-03-02 15:30:00-05:00,3.884999990463257,3.940000057220459,3.869999885559082,3.930000066757202,3.930000066757202,4424119
2020-03-03 09:30:00-05:00,3.9149999618530273,3.9600000381469727,3.8499999046325684,3.884999990463257,3.884999990463257,12078154
2020-03-03 10:30:00-05:00,3.890000104904175,3.9000000953674316,3.799999952316284,3.819999933242798,3.819999933242798,7913102
2020-03-03 11:30:00-05:00,3.809999942779541,3.859999895095825,3.809999942779541,3.827399969100952,3.827399969100952,5384892
2020-03-03 12:30:00-05:00,3.8299999237060547,3.8499999046325684,3.7699999809265137,3.7850000858306885,3.7850000858306885,3789601
2020-03-03 13:30:00-05:00,3.7827999591827393,3.799999952316284,3.7300000190734863,3.75,3.75,5444231
2020-03-03 14:30:00-05:00,3.755000114440918,3.819999933242798,3.740000009536743,3.802000045776367,3.802000045776367,5505931
2020-03-03 15:30:00-05:00,3.799999952316284,3.809999942779541,3.759999990463257,3.7950000762939453,3.7950000762939453,4619576
2020-03-04 09:30:00-05:00,3.8399999141693115,3.8399999141693115,3.7699999809265137,3.8294999599456787,3.8294999599456787,6805879
2020-03-04 10:30:00-05:00,3.825000047683716,3.8299999237060547,3.7899999618530273,3.809999942779541,3.809999942779541,5774001
2020-03-04 11:30:00-05:00,3.8066999912261963,3.809999942779541,3.7899999618530273,3.8071999549865723,3.8071999549865723,1627637
2020-03-04 12:30:00-05:00,3.8052000999450684,3.8399999141693115,3.799999952316284,3.827500104904175,3.827500104904175,2195095
2020-03-04 13:30:00-05:00,3.825000047683716,3.8299999237060547,3.809999942779541,3.809999942779541,3.809999942779541,1682614
2020-03-04 14:30:00-05:00,3.809999942779541,3.8299999237060547,3.799999952316284,3.819999933242798,3.819999933242798,2104740
2020-03-04 15:30:00-05:00,3.825000047683716,3.859999895095825,3.819999933242798,3.859999895095825,3.859999895095825,3337721
2020-03-05 09:30:00-05:00,3.755000114440918,3.7899999618530273,3.75,3.7750000953674316,3.7750000953674316,8818878
2020-03-05 10:30:00-05:00,3.7750000953674316,3.7899999618530273,3.740000009536743,3.75,3.75,8196967
2020-03-05 11:30:00-05:00,3.755000114440918,3.759999990463257,3.700000047683716,3.700000047683716,3.700000047683716,3352631
2020-03-05 12:30:00-05:00,3.7049999237060547,3.7100000381469727,3.6600000858306885,3.690000057220459,3.690000057220459,4384343
2020-03-05 13:30:00-05:00,3.684999942779541,3.7100000381469727,3.6700000762939453,3.684799909591675,3.684799909591675,3289950
2020-03-05 14:30:00-05:00,3.680000066757202,3.690000057220459,3.6700000762939453,3.674999952316284,3.674999952316284,1749705
2020-03-05 15:30:00-05:00,3.674999952316284,3.700000047683716,3.6700000762939453,3.680000066757202,3.680000066757202,3490091
2020-03-06 09:30:00-05:00,3.619999885559082,3.6500000953674316,3.5999999046325684,3.649899959564209,3.649899959564209,8128053
2020-03-06 10:30:00-05:00,3.6449999809265137,3.6600000858306885,3.619999885559082,3.625,3.625,8209465
2020-03-06 11:30:00-05:00,3.625,3.630000114440918,3.5299999713897705,3.555000066757202,3.555000066757202,6850971
2020-03-06 12:30:00-05:00,3.555000066757202,3.5899999141693115,3.549999952316284,3.569999933242798,3.569999933242798,3410722
2020-03-06 13:30:00-05:00,3.569999933242798,3.5799999237060547,3.5299999713897705,3.5350000858306885,3.5350000858306885,3189355
2020-03-06 14:30:00-05:00,3.5350000858306885,3.549999952316284,3.509999990463257,3.5450000762939453,3.5450000762939453,4414232
2020-03-06 15:30:00-05:00,3.5399999618530273,3.5899999141693115,3.5299999713897705,3.559999942779541,3.559999942779541,4769123
2020-03-09 09:30:00-04:00,3.3399999141693115,3.4000000953674316,3.299999952316284,3.375,3.375,9541735
2020-03-09 10:30:00-04:00,3.3798999786376953,3.4200000762939453,3.3499999046325684,3.4100000858306885,3.4100000858306885,12511990
2020-03-09 11:30:00-04:00,3.410099983215332,3.450000047683716,3.4000000953674316,3.4100000858306885,3.4100000858306885,8553813
2020-03-09 12:30:00-04:00,3.4000000953674316,3.4200000762939453,3.359999895095825,3.380000114440918,3.380000114440918,4987932
2020-03-09 13:30:00-04:00,3.380000114440918,3.380000114440918,3.309999942779541,3.319999933242798,3.319999933242798,5489382
2020-03-09 14:30:00-04:00,3.315500020980835,3.3499999046325684,3.299999952316284,3.333400011062622,3.333400011062622,5269946
2020-03-09 15:30:00-04:00,3.3350000381469727,3.359999895095825,3.309999942779541,3.3164000511169434,3.3164000511169434,4585222
2020-03-10 09:30:00-04:00,3.390000104904175,3.4000000953674316,3.3399999141693115,3.375999927520752,3.375999927520752,6441930
2020-03-10 10:30:00-04:00,3.369999885559082,3.380000114440918,3.2699999809265137,3.27810001373291,3.27810001373291,8402148
2020-03-10 11:30:00-04:00,3.2750000953674316,3.309999942779541,3.240000009536743,3.2500998973846436,3.2500998973846436,9663155
2020-03-10 12:30:00-04:00,3.25,3.2699999809265137,3.220400094985962,3.25,3.25,4174003
2020-03-10 13:30:00-04:00,3.25,3.2799999713897705,3.2100000381469727,3.2799999713897705,3.2799999713897705,3450089
2020-03-10 14:30:00-04:00,3.277400016784668,3.359999895095825,3.2699999809265137,3.3399999141693115,3.3399999141693115,5063010
2020-03-10 15:30:00-04:00,3.3399999141693115,3.3499999046325684,3.299999952316284,3.309999942779541,3.309999942779541,4323660
2020-03-11 09:30:00-04:00,3.240000009536743,3.259999990463257,3.2100000381469727,3.2300000190734863,3.2300000190734863,7055038
2020-03-11 10:30:00-04:00,3.2221999168395996,3.2300000190734863,3.1700000762939453,3.174999952316284,3.174999952316284,5249400
2020-03-11 11:30:00-04:00,3.174999952316284,3.2200000286102295,3.1700000762939453,3.184999942779541,3.184999942779541,5098251
2020-03-11 12:30:00-04:00,3.180000066757202,3.190000057220459,3.0999999046325684,3.1449999809265137,3.1449999809265137,6728369
2020-03-11 13:30:00-04:00,3.140000104904175,3.1600000858306885,3.0999999046325684,3.1050000190734863,3.1050000190734863,3994815
2020-03-11 14:30:00-04:00,3.1050000190734863,3.119999885559082,3.069999933242798,3.0899999141693115,3.0899999141693115,5964966
2020-03-11 15:30:00-04:00,3.0899999141693115,3.1500000953674316,3.0799999237060547,3.115000009536743,3.115000009536743,5853200
2020-03-12 09:30:00-04:00,2.8399999141693115,2.930000066757202,2.7200000286102295,2.763700008392334,2.763700008392334,11461721
2020-03-12 10:30:00-04:00,2.7699999809265137,2.7899999618530273,2.740000009536743,2.75,2.75,12106326
2020-03-12 11:30:00-04:00,2.755000114440918,2.759999990463257,2.6500000953674316,2.674999952316284,2.674999952316284,7207881
2020-03-12 12:30:00-04:00,2.680000066757202,2.7699999809265137,2.6600000858306885,2.726799964904785,2.726799964904785,5625115
2020-03-12 13:30:00-04:00,2.7249999046325684,2.7300000190734863,2.690000057220459,2.694999933242798,2.694999933242798,3166397
2020-03-12 14:30:00-04:00,2.690000057220459,2.7100000381469727,2.6600000858306885,2.6600000858306885,2.6600000858306885,5354615
2020-03-12 15:30:00-04:00,2.6656999588012695,2.6700000762939453,2.630000114440918,2.630000114440918,2.630000114440918,5544670
2020-03-13 09:30:00-04:00,2.819999933242798,2.8299999237060547,2.680000066757202,2.7179999351501465,2.7179999351501465,8329058
2020-03-13 10:30:00-04:00,2.7149999141693115,2.7200000286102295,2.5999999046325684,2.5999999046325684,2.5999999046325684,4803164
2020-03-13 11:30:00-04:00,2.5999999046325684,2.619999885559082,2.5399999618530273,2.598099946975708,2.598099946975708,5127826
2020-03-13 12:30:00-04:00,2.5920000076293945,2.674999952316284,2.5899999141693115,2.6700000762939453,2.6700000762939453,3090707
2020-03-13 13:30:00-04:00,2.674999952316284,2.690000057220459,2.6500000953674316,2.6673998832702637,2.6673998832702637,2638736
2020-03-13 14:30:00-04:00,2.6670000553131104,2.7200000286102295,2.6500000953674316,2.700000047683716,2.700000047683716,3354966
2020-03-13 15:30:00-04:00,2.700000047683716,2.75,2.6500000953674316,2.75,2.75,3532168
2020-03-16 09:30:00-04:00,2.380000114440918,2.5,2.380000114440918,2.4749999046325684,2.4749999046325684,6660905
2020-03-16 10:30:00-04:00,2.4735000133514404,2.5299999713897705,2.450000047683716,2.5250000953674316,2.5250000953674316,5840328
2020-03-16 11:30:00-04:00,2.5269999504089355,2.5399999618530273,2.490000009536743,2.505000114440918,2.505000114440918,3975271
2020-03-16 12:30:00-04:00,2.5,2.509999990463257,2.4800000190734863,2.490000009536743,2.490000009536743,1995621
2020-03-16 13:30:00-04:00,2.490000009536743,2.5,2.440000057220459,2.444999933242798,2.444999933242798,2624211
2020-03-16 14:30:00-04:00,2.444999933242798,2.4800000190734863,2.444999933242798,2.4749999046325684,2.4749999046325684,2643763
2020-03-16 15:30:00-04:00,2.4700000286102295,2.4800000190734863,2.4100000858306885,2.4170000553131104,2.4170000553131104,3263282
2020-03-17 09:30:00-04:00,2.559999942779541,2.565000057220459,2.4600000381469727,2.5250000953674316,2.5250000953674316,6828526
2020-03-17 10:30:00-04:00,2.5250000953674316,2.5799999237060547,2.5199999809265137,2.559999942779541,2.559999942779541,4368348
2020-03-17 11:30:00-04:00,2.5622000694274902,2.619999885559082,2.5399999618530273,2.569999933242798,2.569999933242798,5361954
2020-03-17 12:30:00-04:00,2.569999933242798,2.5799999237060547,2.5,2.515000104904175,2.515000104904175,2398358
2020-03-17 13:30:00-04:00,2.515000104904175,2.559999942779541,2.509999990463257,2.549999952316284,2.549999952316284,3583367
2020-03-17 14:30:00-04:00,2.549999952316284,2.569999933242798,2.5,2.5199999809265137,2.5199999809265137,3562390
2020-03-17 15:30:00-04:00,2.515000104904175,2.5299999713897705,2.509999990463257,2.5299999713897705,2.5299999713897705,3288141
2020-03-18 09:30:00-04:00,2.509999990463257,2.619999885559082,2.490000009536743,2.565000057220459,2.565000057220459,9051382
2020-03-18 10:30:00-04:00,2.5673999786376953,2.569999933242798,2.450000047683716,2.490000009536743,2.490000009536743,7124952
2020-03-18 11:30:00-04:00,2.490000009536743,2.5576999187469482,2.4800000190734863,2.538599967956543,2.538599967956543,7319277
2020-03-18 12:30:00-04:00,2.5350000858306885,2.5399999618530273,2.4000000953674316,2.401900053024292,2.401900053024292,2824760
2020-03-18 13:30:00-04:00,2.4000000953674316,2.430000066757202,2.3399999141693115,2.3570001125335693,2.3570001125335693,4497133
2020-03-18 14:30:00-04:00,2.3598999977111816,2.430000066757202,2.3399999141693115,2.380000114440918,2.380000114440918,5921873
2020-03-18 15:30:00-04:00,2.384999990463257,2.4700000286102295,2.369999885559082,2.440000057220459,2.440000057220459,5302473
2020-03-19 09:30:00-04:00,2.4200000762939453,2.5199999809265137,2.380000114440918,2.515000104904175,2.515000104904175,7513738
2020-03-19 10:30:00-04:00,2.5199999809265137,2.5450000762939453,2.444999933242798,2.5399999618530273,2.5399999618530273,9901021
2020-03-19 11:30:00-04:00,2.5399999618530273,2.575000047683716,2.5,2.5683999061584473,2.5683999061584473,6802096
2020-03-19 12:30:00-04:00,2.569999933242798,2.569999933242798,2.5199999809265137,2.543299913406372,2.543299913406372,3378992
2020-03-19 13:30:00-04:00,2.5450000762939453,2.5999999046325684,2.5399999618530273,2.5850000381469727,2.5850000381469727,3200052
2020-03-19 14:30:00-04:00,2.5799999237060547,2.619999885559082,2.5399999618530273,2.5699000358581543,2.5699000358581543,5875951
2020-03-19 15:30:00-04:00,2.565000057220459,2.5899999141693115,2.5399999618530273,2.549999952316284,2.549999952316284,3329506
2020-03-20 09:30:00-04:00,2.680000066757202,2.75,2.5999999046325684,2.7367000579833984,2.7367000579833984,10735456
2020-03-20 10:30:00-04:00,2.740000009536743,2.7799999713897705,2.694999933242798,2.7249999046325684,2.7249999046325684,10095275
2020-03-20 11:30:00-04:00,2.7249999046325684,2.7699999809265137,2.690000057220459,2.7149999141693115,2.7149999141693115,8517530
2020-03-20 12:30:00-04:00,2.7100000381469727,2.799999952316284,2.700000047683716,2.747499942779541,2.747499942779541,6904731
2020-03-20 13:30:00-04:00,2.75,2.7699999809265137,2.690000057220459,2.690000057220459,2.690000057220459,4231235
2020-03-20 14:30:00-04:00,2.694999933242798,2.7149999141693115,2.6500000953674316,2.690000057220459,2.690000057220459,4862638
2020-03-20 15:30:00-04:00,2.690000057220459,2.7100000381469727,2.6401000022888184,2.661600112915039,2.661600112915039,3750734
2020-03-23 09:30:00-04:00,2.7300000190734863,2.799999952316284,2.700000047683716,2.7249999046325684,2.7249999046325684,12552729
2020-03-23 10:30:00-04:00,2.7248001098632812,2.740000009536743,2.630000114440918,2.630000114440918,2.630000114440918,6736530
2020-03-23 11:30:00-04:00,2.630000114440918,2.690000057220459,2.619999885559082,2.6600000858306885,2.6600000858306885,5613609
2020-03-23 12:30:00-04:00,2.6642000675201416,2.7300000190734863,2.6500000953674316,2.680000066757202,2.680000066757202,3984997
2020-03-23 13:30:00-04:00,2.6770999431610107,2.7100000381469727,2.6500000953674316,2.680000066757202,2.680000066757202,5765800
2020-03-23 14:30:00-04:00,2.681299924850464,2.690000057220459,2.619999885559082,2.634999990463257,2.634999990463257,5687347
2020-03-23 15:30:00-04:00,2.630000114440918,2.6700000762939453,2.619999885559082,2.6500000953674316,2.6500000953674316,5744371
2020-03-24 09:30:00-04:00,2.9100000858306885,2.9200000762939453,2.859999895095825,2.884999990463257,2.884999990463257,9541624
2020-03-24 10:30:00-04:00,2.888000011444092,2.940000057220459,2.859999895095825,2.924999952316284,2.924999952316284,8074479
2020-03-24 11:30:00-04:00,2.924999952316284,2.990000009536743,2.9049999713897705,2.9749999046325684,2.9749999046325684,7469128
2020-03-24 12:30:00-04:00,2.975800037384033,2.990000009536743,2.9000000953674316,2.924999952316284,2.924999952316284,7043611
2020-03-24 13:30:00-04:00,2.9200000762939453,2.950000047683716,2.859999895095825,2.9395999908447266,2.9395999908447266,6159179
2020-03-24 14:30:00-04:00,2.940000057220459,2.950000047683716,2.9100000858306885,2.930000066757202,2.930000066757202,4222762
2020-03-24 15:30:00-04:00,2.934999942779541,2.950000047683716,2.9200000762939453,2.950000047683716,2.950000047683716,4404103
2020-03-25 09:30:00-04:00,2.990000009536743,3.0199999809265137,2.9000000953674316,2.9549999237060547,2.9549999237060547,9340113
2020-03-25 10:30:00-04:00,2.9600000381469727,3.0299999713897705,2.950000047683716,3.009999990463257,3.009999990463257,7649076
2020-03-25 11:30:00-04:00,3.009999990463257,3.0999999046325684,3.0048999786376953,3.0950000286102295,3.0950000286102295,6307997
2020-03-25 12:30:00-04:00,3.0899999141693115,3.1500000953674316,3.0799999237060547,3.1280999183654785,3.1280999183654785,6754372
2020-03-25 13:30:00-04:00,3.1226000785827637,3.1500000953674316,3.049999952316284,3.109999895095825,3.109999895095825,5806101
2020-03-25 14:30:00-04:00,3.109999895095825,3.140000104904175,3.0899999141693115,3.0999999046325684,3.0999999046325684,6268787
2020-03-25 15:30:00-04:00,3.1050000190734863,3.119999885559082,3.059999942779541,3.059999942779541,3.059999942779541,6073518
2020-03-26 09:30:00-04:00,3.069999933242798,3.1500000953674316,3.049999952316284,3.0947999954223633,3.0947999954223633,7896164
2020-03-26 10:30:00-04:00,3.0950000286102295,3.140000104904175,3.069999933242798,3.140000104904175,3.140000104904175,5533955
2020-03-26 11:30:00-04:00,3.134999990463257,3.180000066757202,3.109999895095825,3.1700000762939453,3.1700000762939453,7081230
2020-03-26 12:30:00-04:00,3.170099973678589,3.190000057220459,3.130000114440918,3.13070011138916,3.13070011138916,4457596
2020-03-26 13:30:00-04:00,3.138000011444092,3.1500000953674316,3.0999999046325684,3.140000104904175,3.140000104904175,3657402
2020-03-26 14:30:00-04:00,3.1319000720977783,3.1500000953674316,3.109999895095825,3.130000114440918,3.130000114440918,2753827
2020-03-26 15:30:00-04:00,3.1280999183654785,3.180000066757202,3.109999895095825,3.1549999713897705,3.1549999713897705,3551281
2020-03-27 09:30:00-04:00,3.0199999809265137,3.0399999618530273,2.950000047683716,2.9614999294281006,2.9614999294281006,7284668
2020-03-27 10:30:00-04:00,2.966099977493286,3.0,2.940000057220459,2.966900110244751,2.966900110244751,3959206
2020-03-27 11:30:00-04:00,2.961699962615967,2.990000009536743,2.950000047683716,2.984999895095825,2.984999895095825,3514700
2020-03-27 12:30:00-04:00,2.984999895095825,3.0299999713897705,2.9730000495910645,3.009999990463257,3.009999990463257,3577467
2020-03-27 13:30:00-04:00,3.009999990463257,3.0799999237060547,3.0,3.0450000762939453,3.0450000762939453,3235970
2020-03-27 14:30:00-04:00,3.0434000492095947,3.069999933242798,3.0299999713897705,3.0613999366760254,3.0613999366760254,3874240
2020-03-27 15:30:00-04:00,3.059999942779541,3.069999933242798,3.0,3.005000114440918,3.005000114440918,3343740
2020-03-30 09:30:00-04:00,2.9800000190734863,3.0199999809265137,2.950000047683716,3.0,3.0,6021636
2020-03-30 10:30:00-04:00,3.005000114440918,3.0299999713897705,3.0,3.0299999713897705,3.0299999713897705,3087575
2020-03-30 11:30:00-04:00,3.0292000770568848,3.0399999618530273,3.009999990463257,3.0220999717712402,3.0220999717712402,2667281
2020-03-30 12:30:00-04:00,3.0220000743865967,3.0299999713897705,3.009999990463257,3.013000011444092,3.013000011444092,1764941
2020-03-30 13:30:00-04:00,3.015000104904175,3.0199999809265137,2.990000009536743,3.015000104904175,3.015000104904175,1853581
2020-03-30 14:30:00-04:00,3.0199999809265137,3.0299999713897705,3.009999990463257,3.0199999809265137,3.0199999809265137,1393542
2020-03-30 15:30:00-04:00,3.015000104904175,3.059999942779541,3.009999990463257,3.0399999618530273,3.0399999618530273,3420123
2020-03-31 09:30:00-04:00,3.0899999141693115,3.140000104904175,3.069999933242798,3.118799924850464,3.118799924850464,5125972
2020-03-31 10:30:00-04:00,3.119999885559082,3.1700000762939453,3.109999895095825,3.1649999618530273,3.1649999618530273,6469044
2020-03-31 11:30:00-04:00,3.1665000915527344,3.199899911880493,3.109999895095825,3.115000009536743,3.115000009536743,3957668
2020-03-31 12:30:00-04:00,3.119999885559082,3.119999885559082,3.069999933242798,3.075000047683716,3.075000047683716,2273809
2020-03-31 13:30:00-04:00,3.075000047683716,3.1289000511169434,3.069999933242798,3.109999895095825,3.109999895095825,2791483
2020-03-31 14:30:00-04:00,3.109999895095825,3.125,3.065000057220459,3.069999933242798,3.069999933242798,3300079
2020-03-31 15:30:00-04:00,3.069999933242798,3.109999895095825,3.069999933242798,3.0999999046325684,3.0999999046325684,0
2020-04-01 09:30:00-04:00,3.0399999618530273,3.069999933242798,3.009999990463257,3.0450000762939453,3.0450000762939453,5677891
2020-04-01 10:30:00-04:00,3.0450000762939453,3.069999933242798,3.009999990463257,3.0155999660491943,3.0155999660491943,5303017
2020-04-01 11:30:00-04:00,3.01990008354187,3.0199999809265137,2.9800000190734863,2.9800000190734863,2.9800000190734863,2676534
2020-04-01 12:30:00-04:00,2.984999895095825,2.990000009536743,2.9700000286102295,2.990000009536743,2.990000009536743,1358411
2020-04-01 13:30:00-04:00,2.990000009536743,3.009999990463257,2.9800000190734863,2.994999885559082,2.994999885559082,1662631
2020-04-01 14:30:00-04:00,3.0,3.0,2.9700000286102295,2.9749999046325684,2.9749999046325684,2424155
2020-04-01 15:30:00-04:00,2.9779000282287598,2.990000009536743,2.9700000286102295,2.9800000190734863,2.9800000190734863,2834721
2020-04-02 09:30:00-04:00,2.990000009536743,3.0450000762939453,2.950000047683716,3.0450000762939453,3.0450000762939453,6962852
2020-04-02 10:30:00-04:00,3.0399999618530273,3.0799999237060547,3.009999990463257,3.0299999713897705,3.0299999713897705,4801179
2020-04-02 11:30:00-04:00,3.025399923324585,3.059999942779541,3.009999990463257,3.0299999713897705,3.0299999713897705,2270633
2020-04-02 12:30:00-04:00,3.0350000858306885,3.0399999618530273,3.0000998973846436,3.009999990463257,3.009999990463257,1906757
2020-04-02 13:30:00-04:00,3.005000114440918,3.009999990463257,2.9800000190734863,3.0,3.0,1881365
2020-04-02 14:30:00-04:00,2.9951000213623047,3.0299999713897705,2.9800000190734863,3.009999990463257,3.009999990463257,3158558
2020-04-02 15:30:00-04:00,3.0199999809265137,3.0399999618530273,3.0,3.0350000858306885,3.0350000858306885,1898810
2020-04-03 09:30:00-04:00,2.990000009536743,3.0199999809265137,2.9600000381469727,2.9700000286102295,2.9700000286102295,3383074
2020-04-03 10:30:00-04:00,2.9649999141693115,2.9800000190734863,2.950000047683716,2.9800000190734863,2.9800000190734863,3120046
2020-04-03 11:30:00-04:00,2.9749999046325684,3.0,2.950000047683716,2.9549999237060547,2.9549999237060547,2753758
2020-04-03 12:30:00-04:00,2.950000047683716,2.9700000286102295,2.950000047683716,2.950000047683716,2.950000047683716,1461763
2020-04-03 13:30:00-04:00,2.950000047683716,2.9600000381469727,2.940000057220459,2.955199956893921,2.955199956893921,1232509
2020-04-03 14:30:00-04:00,2.9563000202178955,2.9800000190734863,2.950000047683716,2.9700000286102295,2.9700000286102295,1648655
2020-04-03 15:30:00-04:00,2.9749999046325684,2.9800000190734863,2.950000047683716,2.9649999141693115,2.9649999141693115,1761246
2020-04-06 09:30:00-04:00,3.130000114440918,3.1500000953674316,3.1050000190734863,3.109999895095825,3.109999895095825,5224963
2020-04-06 10:30:00-04:00,3.1178998947143555,3.140000104904175,3.0999999046325684,3.134999990463257,3.134999990463257,4042505
2020-04-06 11:30:00-04:00,3.134999990463257,3.1600000858306885,3.119999885559082,3.1600000858306885,3.1600000858306885,2146929
2020-04-06 12:30:00-04:00,3.1600000858306885,3.1700000762939453,3.1500000953674316,3.1675000190734863,3.1675000190734863,2973840
2020-04-06 13:30:00-04:00,3.1700000762939453,3.1700000762939453,3.140000104904175,3.1449999809265137,3.1449999809265137,2065218
2020-04-06 14:30:00-04:00,3.1449999809265137,3.1600000858306885,3.140000104904175,3.1449999809265137,3.1449999809265137,2537074
2020-04-06 15:30:00-04:00,3.140000104904175,3.190000057220459,3.140000104904175,3.1649999618530273,3.1649999618530273,3959758
2020-04-07 09:30:00-04:00,3.25,3.2799999713897705,3.184999942779541,3.184999942779541,3.184999942779541,6636834
2020-04-07 10:30:00-04:00,3.190000057220459,3.2300000190734863,3.1500000953674316,3.222399950027466,3.222399950027466,5506399
2020-04-07 11:30:00-04:00,3.227400064468384,3.25,3.2200000286102295,3.240000009536743,3.240000009536743,2874202
2020-04-07 12:30:00-04:00,3.240000009536743,3.240000009536743,3.2100000381469727,3.2200000286102295,3.2200000286102295,1431115
2020-04-07 13:30:00-04:00,3.2216999530792236,3.2300000190734863,3.1700000762939453,3.190000057220459,3.190000057220459,3431459
2020-04-07 14:30:00-04:00,3.1928000450134277,3.1979000568389893,3.1500000953674316,3.1649999618530273,3.1649999618530273,3618817
2020-04-07 15:30:00-04:00,3.1623001098632812,3.200000047683716,3.1500000953674316,3.1600000858306885,3.1600000858306885,3606574
2020-04-08 09:30:00-04:00,3.2100000381469727,3.2200000286102295,3.180000066757202,3.194999933242798,3.194999933242798,3090822
2020-04-08 10:30:00-04:00,3.1989998817443848,3.25,3.190000057220459,3.234999895095825,3.234999895095825,2938892
2020-04-08 11:30:00-04:00,3.234999895095825,3.259999990463257,3.2300000190734863,3.255000114440918,3.255000114440918,2530897
2020-04-08 12:30:00-04:00,3.255000114440918,3.2699999809265137,3.240000009536743,3.265000104904175,3.265000104904175,2790112
2020-04-08 13:30:00-04:00,3.265000104904175,3.2799999713897705,3.2300000190734863,3.2750000953674316,3.2750000953674316,2463752
2020-04-08 14:30:00-04:00,3.2755000591278076,3.2799999713897705,3.25,3.261399984359741,3.261399984359741,1909665
2020-04-08 15:30:00-04:00,3.2639000415802,3.2699999809265137,3.2300000190734863,3.240000009536743,3.240000009536743,2434067
2020-04-09 09:30:00-04:00,3.2699999809265137,3.3399999141693115,3.240000009536743,3.2699999809265137,3.2699999809265137,4715118
2020-04-09 10:30:00-04:00,3.259999990463257,3.2899999618530273,3.25,3.265000104904175,3.265000104904175,4708390
2020-04-09 11:30:00-04:00,3.265000104904175,3.319999933242798,3.259999990463257,3.299999952316284,3.299999952316284,2922267
2020-04-09 12:30:00-04:00,3.309999942779541,3.309999942779541,3.2899999618530273,3.309999942779541,3.309999942779541,1043627
2020-04-09 13:30:00-04:00,3.309999942779541,3.309999942779541,3.259999990463257,3.2750000953674316,3.2750000953674316,2542029
2020-04-09 14:30:00-04:00,3.2750000953674316,3.2799999713897705,3.25,3.2799999713897705,3.2799999713897705,2411551
2020-04-09 15:30:00-04:00,3.2799999713897705,3.2899999618530273,3.259999990463257,3.2750000953674316,3.2750000953674316,2462866
2020-04-13 09:30:00-04:00,3.259999990463257,3.2699999809265137,3.2100000381469727,3.2200000286102295,3.2200000286102295,3170380
2020-04-13 10:30:00-04:00,3.2100000381469727,3.2200000286102295,3.200000047683716,3.2049999237060547,3.2049999237060547,1379550
2020-04-13 11:30:00-04:00,3.2100000381469727,3.2100000381469727,3.200000047683716,3.2100000381469727,3.2100000381469727,726839
2020-04-13 12:30:00-04:00,3.2049999237060547,3.2100000381469727,3.200000047683716,3.2049999237060547,3.2049999237060547,658624
2020-04-13 13:30:00-04:00,3.2026000022888184,3.25,3.200000047683716,3.2300000190734863,3.2300000190734863,2447337
2020-04-13 14:30:00-04:00,3.2249999046325684,3.240000009536743,3.2100000381469727,3.240000009536743,3.240000009536743,1919706
2020-04-13 15:30:00-04:00,3.234999895095825,3.25,3.2300000190734863,3.244999885559082,3.244999885559082,1296698
2020-04-14 09:30:00-04:00,3.3499999046325684,3.4200000762939453,3.3450000286102295,3.4000000953674316,3.4000000953674316,5944344
2020-04-14 10:30:00-04:00,3.3949999809265137,3.4000000953674316,3.359999895095825,3.3798999786376953,3.3798999786376953,7363549
2020-04-14 11:30:00-04:00,3.380000114440918,3.430000066757202,3.375,3.4149999618530273,3.4149999618530273,2339943
2020-04-14 12:30:00-04:00,3.417799949645996,3.4200000762939453,3.390000104904175,3.390000104904175,3.390000104904175,1998379
2020-04-14 13:30:00-04:00,3.3949999809265137,3.4000000953674316,3.380000114440918,3.3949999809265137,3.3949999809265137,2116472
2020-04-14 14:30:00-04:00,3.390000104904175,3.4000000953674316,3.3499999046325684,3.3499999046325684,3.3499999046325684,4125430
2020-04-14 15:30:00-04:00,3.359999895095825,3.380000114440918,3.3499999046325684,3.369999885559082,3.369999885559082,3426020
2020-04-15 09:30:00-04:00,3.259999990463257,3.259999990463257,3.190000057220459,3.200000047683716,3.200000047683716,8705881
2020-04-15 10:30:00-04:00,3.200000047683716,3.2200000286102295,3.1700000762939453,3.194999933242798,3.194999933242798,3962996
2020-04-15 11:30:00-04:00,3.1958999633789062,3.2300000190734863,3.190000057220459,3.2249999046325684,3.2249999046325684,3077354
2020-04-15 12:30:00-04:00,3.2200000286102295,3.240000009536743,3.2200000286102295,3.2249999046325684,3.2249999046325684,1848707
2020-04-15 13:30:00-04:00,3.2200000286102295,3.25,3.2200000286102295,3.240000009536743,3.240000009536743,1834231
2020-04-15 14:30:00-04:00,3.240000009536743,3.25,3.2200000286102295,3.2200000286102295,3.2200000286102295,1997193
2020-04-15 15:30:00-04:00,3.2249999046325684,3.240000009536743,3.2100000381469727,3.2200000286102295,3.2200000286102295,2059936
2020-04-16 09:30:00-04:00,3.2200000286102295,3.3499999046325684,3.140000104904175,3.2929999828338623,3.2929999828338623,16728951
2020-04-16 10:30:00-04:00,3.299999952316284,3.6796000003814697,3.259999990463257,3.4398000240325928,3.4398000240325928,36455819
2020-04-16 11:30:00-04:00,3.433799982070923,3.509999990463257,3.4000000953674316,3.4000000953674316,3.4000000953674316,6294489
2020-04-16 12:30:00-04:00,3.403700113296509,3.4700000286102295,3.380000114440918,3.424999952316284,3.424999952316284,5947128
2020-04-16 13:30:00-04:00,3.424999952316284,3.440000057220459,3.3499999046325684,3.375,3.375,5443413
2020-04-16 14:30:00-04:00,3.375,3.4600000381469727,3.369999885559082,3.456199884414673,3.456199884414673,5328486
2020-04-16 15:30:00-04:00,3.4549999237060547,3.490000009536743,3.450000047683716,3.4700000286102295,3.4700000286102295,6391709
2020-04-17 09:30:00-04:00,3.51990008354187,3.559999942779541,3.490000009536743,3.509999990463257,3.509999990463257,12878438
2020-04-17 10:30:00-04:00,3.5134999752044678,3.5199999809265137,3.4600000381469727,3.4600000381469727,3.4600000381469727,7765558
2020-04-17 11:30:00-04:00,3.4600000381469727,3.490000009536743,3.450000047683716,3.4700000286102295,3.4700000286102295,3170253
2020-04-17 12:30:00-04:00,3.4700000286102295,3.509999990463257,3.4700000286102295,3.4700000286102295,3.4700000286102295,2735498
2020-04-17 13:30:00-04:00,3.4749999046325684,3.4800000190734863,3.440000057220459,3.4649999141693115,3.4649999141693115,2428949
2020-04-17 14:30:00-04:00,3.4700000286102295,3.4700000286102295,3.450000047683716,3.4658000469207764,3.4658000469207764,1940963
2020-04-17 15:30:00-04:00,3.4649999141693115,3.4800000190734863,3.4600000381469727,3.4749999046325684,3.4749999046325684,3438394
2020-04-20 09:30:00-04:00,3.450000047683716,3.4600000381469727,3.4200000762939453,3.450000047683716,3.450000047683716,3567065
2020-04-20 10:30:00-04:00,3.4549999237060547,3.509999990463257,3.450000047683716,3.505000114440918,3.505000114440918,3230637
2020-04-20 11:30:00-04:00,3.505000114440918,3.5199999809265137,3.5,3.5,3.5,1805830
2020-04-20 12:30:00-04:00,3.509999990463257,3.509999990463257,3.4700000286102295,3.4749999046325684,3.4749999046325684,1651522
2020-04-20 13:30:00-04:00,3.4700000286102295,3.490000009536743,3.450000047683716,3.450000047683716,3.450000047683716,1860443
2020-04-20 14:30:00-04:00,3.4549999237060547,3.4700000286102295,3.440000057220459,3.444999933242798,3.444999933242798,2067601
2020-04-20 15:30:00-04:00,3.450000047683716,3.4600000381469727,3.440000057220459,3.440000057220459,3.440000057220459,2172320
2020-04-21 09:30:00-04:00,3.440000057220459,3.450000047683716,3.4000000953674316,3.4149999618530273,3.4149999618530273,4219217
2020-04-21 10:30:00-04:00,3.4200000762939453,3.4200000762939453,3.3399999141693115,3.3499999046325684,3.3499999046325684,5449316
2020-04-21 11:30:00-04:00,3.3499999046325684,3.380000114440918,3.3499999046325684,3.365000009536743,3.365000009536743,2683759
2020-04-21 12:30:00-04:00,3.365000009536743,3.4000000953674316,3.3499999046325684,3.390000104904175,3.390000104904175,2621312
2020-04-21 13:30:00-04:00,3.390000104904175,3.4100000858306885,3.369999885559082,3.408600091934204,3.408600091934204,2155614
2020-04-21 14:30:00-04:00,3.4100000858306885,3.4100000858306885,3.369999885559082,3.384999990463257,3.384999990463257,2990460
2020-04-21 15:30:00-04:00,3.384999990463257,3.390000104904175,3.359999895095825,3.369999885559082,3.369999885559082,2022617
2020-04-22 09:30:00-04:00,3.4000000953674316,3.430000066757202,3.380000114440918,3.380000114440918,3.380000114440918,3925077
2020-04-22 10:30:00-04:00,3.380000114440918,3.390000104904175,3.359999895095825,3.365000009536743,3.365000009536743,3203911
2020-04-22 11:30:00-04:00,3.359999895095825,3.369999885559082,3.3499999046325684,3.367000102996826,3.367000102996826,2340668
2020-04-22 12:30:00-04:00,3.3698999881744385,3.369999885559082,3.3499999046325684,3.3550000190734863,3.3550000190734863,906957
2020-04-22 13:30:00-04:00,3.359999895095825,3.380000114440918,3.3550000190734863,3.380000114440918,3.380000114440918,2443598
2020-04-22 14:30:00-04:00,3.380000114440918,3.4000000953674316,3.369999885559082,3.375,3.375,2781009
2020-04-22 15:30:00-04:00,3.369999885559082,3.4100000858306885,3.369999885559082,3.380000114440918,3.380000114440918,2327786
2020-04-23 09:30:00-04:00,3.369999885559082,3.440000057220459,3.369999885559082,3.4200000762939453,3.4200000762939453,5478211
2020-04-23 10:30:00-04:00,3.424999952316284,3.450000047683716,3.4100000858306885,3.434999942779541,3.434999942779541,3510882
2020-04-23 11:30:00-04:00,3.434999942779541,3.440000057220459,3.4100000858306885,3.434999942779541,3.434999942779541,2023294
2020-04-23 12:30:00-04:00,3.434999942779541,3.440000057220459,3.390000104904175,3.3949999809265137,3.3949999809265137,3178274
2020-04-23 13:30:00-04:00,3.3949999809265137,3.4049999713897705,3.359999895095825,3.380000114440918,3.380000114440918,4444416
2020-04-23 14:30:00-04:00,3.380000114440918,3.4000000953674316,3.369999885559082,3.390000104904175,3.390000104904175,1331760
2020-04-23 15:30:00-04:00,3.390000104904175,3.4100000858306885,3.380000114440918,3.390000104904175,3.390000104904175,3226170
2020-04-24 09:30:00-04:00,3.4000000953674316,3.4100000858306885,3.3499999046325684,3.3499999046325684,3.3499999046325684,3390832
2020-04-24 10:30:00-04:00,3.359999895095825,3.359999895095825,3.309999942779541,3.340100049972534,3.340100049972534,3390467
2020-04-24 11:30:00-04:00,3.342400074005127,3.369999885559082,3.3399999141693115,3.3499999046325684,3.3499999046325684,1238993
2020-04-24 12:30:00-04:00,3.359999895095825,3.369999885559082,3.3499999046325684,3.365000009536743,3.365000009536743,1425463
2020-04-24 13:30:00-04:00,3.365000009536743,3.390000104904175,3.359999895095825,3.384999990463257,3.384999990463257,2100247
2020-04-24 14:30:00-04:00,3.384999990463257,3.4100000858306885,3.369999885559082,3.4000000953674316,3.4000000953674316,2584683
2020-04-24 15:30:00-04:00,3.4000000953674316,3.4000000953674316,3.390000104904175,3.3949999809265137,3.3949999809265137,1895993
2020-04-27 09:30:00-04:00,3.4100000858306885,3.450000047683716,3.4000000953674316,3.434999942779541,3.434999942779541,3574772
2020-04-27 10:30:00-04:00,3.4340999126434326,3.450000047683716,3.4200000762939453,3.440000057220459,3.440000057220459,1809942
2020-04-27 11:30:00-04:00,3.440000057220459,3.440000057220459,3.430000066757202,3.440000057220459,3.440000057220459,1378623
2020-04-27 12:30:00-04:00,3.4354000091552734,3.440000057220459,3.430000066757202,3.4381000995635986,3.4381000995635986,621356
2020-04-27 13:30:00-04:00,3.434999942779541,3.450000047683716,3.430000066757202,3.434999942779541,3.434999942779541,1537585
2020-04-27 14:30:00-04:00,3.437000036239624,3.450000047683716,3.430000066757202,3.450000047683716,3.450000047683716,1175266
2020-04-27 15:30:00-04:00,3.444999933242798,3.4600000381469727,3.440000057220459,3.4549999237060547,3.4549999237060547,2123951
2020-04-28 09:30:00-04:00,3.4800000190734863,3.490000009536743,3.4200000762939453,3.430000066757202,3.430000066757202,6651953
2020-04-28 10:30:00-04:00,3.430000066757202,3.450000047683716,3.390000104904175,3.444999933242798,3.444999933242798,6316208
2020-04-28 11:30:00-04:00,3.4412999153137207,3.4600000381469727,3.430000066757202,3.434999942779541,3.434999942779541,3211276
2020-04-28 12:30:00-04:00,3.434999942779541,3.4700000286102295,3.430000066757202,3.4600000381469727,3.4600000381469727,2235721
2020-04-28 13:30:00-04:00,3.4600000381469727,3.4700000286102295,3.450000047683716,3.4500999450683594,3.4500999450683594,2157496
2020-04-28 14:30:00-04:00,3.450000047683716,3.4600000381469727,3.430000066757202,3.444999933242798,3.444999933242798,2080653
2020-04-28 15:30:00-04:00,3.444999933242798,3.450000047683716,3.4100000858306885,3.4149999618530273,3.4149999618530273,3287711
2020-04-29 09:30:00-04:00,3.490000009536743,3.5199999809265137,3.4700000286102295,3.509999990463257,3.509999990463257,5727104
2020-04-29 10:30:00-04:00,3.5100998878479004,3.549999952316284,3.5,3.5450000762939453,3.5450000762939453,3214385
2020-04-29 11:30:00-04:00,3.549999952316284,3.549999952316284,3.5199999809265137,3.5250000953674316,3.5250000953674316,2575031
2020-04-29 12:30:00-04:00,3.5199999809265137,3.5299999713897705,3.5100998878479004,3.5250000953674316,3.5250000953674316,2420865
2020-04-29 13:30:00-04:00,3.5199999809265137,3.5299999713897705,3.490000009536743,3.5,3.5,2665591
2020-04-29 14:30:00-04:00,3.505000114440918,3.5199999809265137,3.490000009536743,3.5,3.5,2570326
2020-04-29 15:30:00-04:00,3.505000114440918,3.509999990463257,3.5,3.505000114440918,3.505000114440918,2631045
2020-04-30 09:30:00-04:00,3.690000057220459,3.690000057220459,3.600100040435791,3.615299940109253,3.615299940109253,13346219
2020-04-30 10:30:00-04:00,3.619999885559082,3.6500000953674316,3.5799999237060547,3.640000104904175,3.640000104904175,10779949
2020-04-30 11:30:00-04:00,3.634999990463257,3.640000104904175,3.569999933242798,3.575000047683716,3.575000047683716,3536528
2020-04-30 12:30:00-04:00,3.569999933242798,3.6050000190734863,3.559999942779541,3.5850000381469727,3.5850000381469727,3732607
2020-04-30 13:30:00-04:00,3.5850000381469727,3.6500000953674316,3.569999933242798,3.634999990463257,3.634999990463257,5983019
2020-04-30 14:30:00-04:00,3.634999990463257,3.680000066757202,3.609999895095825,3.6700000762939453,3.6700000762939453,8706888
2020-04-30 15:30:00-04:00,3.6649999618530273,3.680000066757202,3.569999933242798,3.5789999961853027,3.5789999961853027,8678034
2020-05-01 09:30:00-04:00,3.5299999713897705,3.575000047683716,3.4549999237060547,3.509999990463257,3.509999990463257,7237607
2020-05-01 10:30:00-04:00,3.505000114440918,3.569999933242798,3.5,3.54010009765625,3.54010009765625,5375009
2020-05-01 11:30:00-04:00,3.5399999618530273,3.549999952316284,3.484999895095825,3.5350000858306885,3.5350000858306885,5415958
2020-05-01 12:30:00-04:00,3.5399999618530273,3.549999952316284,3.5199999809265137,3.5450000762939453,3.5450000762939453,2279920
2020-05-01 13:30:00-04:00,3.549999952316284,3.619999885559082,3.5399999618530273,3.615000009536743,3.615000009536743,3322405
2020-05-01 14:30:00-04:00,3.609999895095825,3.630000114440918,3.569999933242798,3.575000047683716,3.575000047683716,4507704
2020-05-01 15:30:00-04:00,3.575000047683716,3.609999895095825,3.569999933242798,3.6050000190734863,3.6050000190734863,4419138
2020-05-04 09:30:00-04:00,3.559999942779541,3.5899999141693115,3.5299999713897705,3.565000057220459,3.565000057220459,6457875
2020-05-04 10:30:00-04:00,3.565000057220459,3.5799999237060547,3.5399999618530273,3.54229998588562,3.54229998588562,3628550
2020-05-04 11:30:00-04:00,3.5450000762939453,3.549999952316284,3.509999990463257,3.528899908065796,3.528899908065796,3504441
2020-05-04 12:30:00-04:00,3.521399974822998,3.5299999713897705,3.509999990463257,3.5199999809265137,3.5199999809265137,1647272
2020-05-04 13:30:00-04:00,3.5199999809265137,3.5299999713897705,3.509999990463257,3.518399953842163,3.518399953842163,995087
2020-05-04 14:30:00-04:00,3.515000104904175,3.549999952316284,3.5,3.5450000762939453,3.5450000762939453,2679769
2020-05-04 15:30:00-04:00,3.5450000762939453,3.559999942779541,3.5399999618530273,3.555000066757202,3.555000066757202,2620732
2020-05-05 09:30:00-04:00,3.490000009536743,3.5399999618530273,3.4700000286102295,3.494999885559082,3.494999885559082,6898421
2020-05-05 10:30:00-04:00,3.490000009536743,3.509999990463257,3.4700000286102295,3.5,3.5,3324924
2020-05-05 11:30:00-04:00,3.5,3.509999990463257,3.490000009536743,3.505000114440918,3.505000114440918,1671565
2020-05-05 12:30:00-04:00,3.505000114440918,3.509999990463257,3.5,3.5,3.5,931841
2020-05-05 13:30:00-04:00,3.5,3.509999990463257,3.5,3.505000114440918,3.505000114440918,801849
2020-05-05 14:30:00-04:00,3.505000114440918,3.509999990463257,3.4700000286102295,3.4749999046325684,3.4749999046325684,3083117
2020-05-05 15:30:00-04:00,3.4742000102996826,3.4800000190734863,3.4600000381469727,3.4649999141693115,3.4649999141693115,2839361
2020-05-06 09:30:00-04:00,3.559999942779541,3.565000057220459,3.4800000190734863,3.4800000190734863,3.4800000190734863,5560444
2020-05-06 10:30:00-04:00,3.484999895095825,3.517400026321411,3.4700000286102295,3.494999885559082,3.494999885559082,4747801
2020-05-06 11:30:00-04:00,3.494999885559082,3.509999990463257,3.4600000381469727,3.505000114440918,3.505000114440918,3058628
2020-05-06 12:30:00-04:00,3.5,3.509999990463257,3.4700000286102295,3.486999988555908,3.486999988555908,1621426
2020-05-06 13:30:00-04:00,3.4867000579833984,3.5,3.4800000190734863,3.490000009536743,3.490000009536743,1294950
2020-05-06 14:30:00-04:00,3.482599973678589,3.490000009536743,3.4700000286102295,3.4749999046325684,3.4749999046325684,1772271
2020-05-06 15:30:00-04:00,3.4700000286102295,3.4800000190734863,3.4600000381469727,3.4600000381469727,3.4600000381469727,1657517
2020-05-07 09:30:00-04:00,3.549999952316284,3.559999942779541,3.5199999809265137,3.5399999618530273,3.5399999618530273,3764816
2020-05-07 10:30:00-04:00,3.5450000762939453,3.5799999237060547,3.5399999618530273,3.569999933242798,3.569999933242798,2403567
2020-05-07 11:30:00-04:00,3.5734000205993652,3.5799999237060547,3.559999942779541,3.565000057220459,3.565000057220459,1683190
2020-05-07 12:30:00-04:00,3.559999942779541,3.569999933242798,3.549999952316284,3.555000066757202,3.555000066757202,1247747
2020-05-07 13:30:00-04:00,3.555000066757202,3.559999942779541,3.549999952316284,3.549999952316284,3.549999952316284,951126
2020-05-07 14:30:00-04:00,3.549999952316284,3.559999942779541,3.5299999713897705,3.5399999618530273,3.5399999618530273,1508215
2020-05-07 15:30:00-04:00,3.5399999618530273,3.549999952316284,3.5299999713897705,3.5399999618530273,3.5399999618530273,2594066
2020-05-08 09:30:00-04:00,3.559999942779541,3.569999933242798,3.5399999618530273,3.549999952316284,3.549999952316284,4303700
2020-05-08 10:30:00-04:00,3.5450000762939453,3.5799999237060547,3.5399999618530273,3.571000099182129,3.571000099182129,5122005
2020-05-08 11:30:00-04:00,3.577399969100952,3.5799999237060547,3.569999933242798,3.575000047683716,3.575000047683716,1291574
2020-05-08 12:30:00-04:00,3.575000047683716,3.5799999237060547,3.559999942779541,3.565000057220459,3.565000057220459,1485844
2020-05-08 13:30:00-04:00,3.565000057220459,3.5799999237060547,3.559999942779541,3.575000047683716,3.575000047683716,1873327
2020-05-08 14:30:00-04:00,3.5799999237060547,3.5899999141693115,3.569999933242798,3.5850000381469727,3.5850000381469727,1499171
2020-05-08 15:30:00-04:00,3.5850000381469727,3.5899999141693115,3.5799999237060547,3.5850000381469727,3.5850000381469727,1681735
2020-05-11 09:30:00-04:00,3.5799999237060547,3.5899999141693115,3.559999942779541,3.5629000663757324,3.5629000663757324,3212259
2020-05-11 10:30:00-04:00,3.565000057220459,3.5799999237060547,3.549999952316284,3.5771000385284424,3.5771000385284424,2049820
2020-05-11 11:30:00-04:00,3.5799999237060547,3.5799999237060547,3.569999933242798,3.5799999237060547,3.5799999237060547,1532944
2020-05-11 12:30:00-04:00,3.5799999237060547,3.5899999141693115,3.569999933242798,3.5736000537872314,3.5736000537872314,1273652
2020-05-11 13:30:00-04:00,3.5799999237060547,3.5799999237060547,3.559999942779541,3.565000057220459,3.565000057220459,1675832
2020-05-11 14:30:00-04:00,3.565000057220459,3.5799999237060547,3.559999942779541,3.5799999237060547,3.5799999237060547,1939055
2020-05-11 15:30:00-04:00,3.5799999237060547,3.5799999237060547,3.569999933242798,3.5799999237060547,3.5799999237060547,2460311
2020-05-12 09:30:00-04:00,3.5999999046325684,3.619999885559082,3.569999933242798,3.59660005569458,3.59660005569458,3769220
2020-05-12 10:30:00-04:00,3.5950000286102295,3.619999885559082,3.5799999237060547,3.6198999881744385,3.6198999881744385,3756060
2020-05-12 11:30:00-04:00,3.609999895095825,3.619999885559082,3.609999895095825,3.615000009536743,3.615000009536743,921341
2020-05-12 12:30:00-04:00,3.619999885559082,3.630000114440918,3.5999999046325684,3.6050000190734863,3.6050000190734863,1650101
2020-05-12 13:30:00-04:00,3.607300043106079,3.609999895095825,3.5899999141693115,3.5899999141693115,3.5899999141693115,2013671
2020-05-12 14:30:00-04:00,3.5899999141693115,3.609999895095825,3.5799999237060547,3.5850000381469727,3.5850000381469727,1820268
2020-05-12 15:30:00-04:00,3.5850000381469727,3.5899999141693115,3.559999942779541,3.569999933242798,3.569999933242798,2838650
2020-05-13 09:30:00-04:00,3.5799999237060547,3.5799999237060547,3.5299999713897705,3.546999931335449,3.546999931335449,4869939
2020-05-13 10:30:00-04:00,3.5450000762939453,3.559999942779541,3.4700000286102295,3.484999895095825,3.484999895095825,4584490
2020-05-13 11:30:00-04:00,3.484999895095825,3.490000009536743,3.4100000858306885,3.42330002784729,3.42330002784729,4884450
2020-05-13 12:30:00-04:00,3.424999952316284,3.440000057220459,3.4000000953674316,3.4149999618530273,3.4149999618530273,3325955
2020-05-13 13:30:00-04:00,3.412600040435791,3.4200000762939453,3.4000000953674316,3.4100000858306885,3.4100000858306885,2836305
2020-05-13 14:30:00-04:00,3.4149999618530273,3.430000066757202,3.4000000953674316,3.4149999618530273,3.4149999618530273,2633400
2020-05-13 15:30:00-04:00,3.4149999618530273,3.450000047683716,3.4100000858306885,3.434999942779541,3.434999942779541,4244487
2020-05-14 09:30:00-04:00,3.3350000381469727,3.359999895095825,3.2799999713897705,3.330399990081787,3.330399990081787,6496089
2020-05-14 10:30:00-04:00,3.3350000381469727,3.4200000762939453,3.3299999237060547,3.4000000953674316,3.4000000953674316,6588188
2020-05-14 11:30:00-04:00,3.390000104904175,3.4100000858306885,3.3429999351501465,3.369999885559082,3.369999885559082,3823477
2020-05-14 12:30:00-04:00,3.369999885559082,3.4000000953674316,3.369999885559082,3.4000000953674316,3.4000000953674316,1748924
2020-05-14 13:30:00-04:00,3.4000000953674316,3.4100000858306885,3.369999885559082,3.384999990463257,3.384999990463257,1625615
2020-05-14 14:30:00-04:00,3.384999990463257,3.4100000858306885,3.359999895095825,3.4049999713897705,3.4049999713897705,2242691
2020-05-14 15:30:00-04:00,3.4049999713897705,3.4200000762939453,3.4000000953674316,3.4149999618530273,3.4149999618530273,1535315
2020-05-15 09:30:00-04:00,3.4600000381469727,3.490000009536743,3.440000057220459,3.4549999237060547,3.4549999237060547,4987656
2020-05-15 10:30:00-04:00,3.4549999237060547,3.4600000381469727,3.4100000858306885,3.438999891281128,3.438999891281128,2852693
2020-05-15 11:30:00-04:00,3.430000066757202,3.4600000381469727,3.430000066757202,3.4549999237060547,3.4549999237060547,885060
2020-05-15 12:30:00-04:00,3.4600000381469727,3.4700000286102295,3.450000047683716,3.4649999141693115,3.4649999141693115,903887
2020-05-15 13:30:00-04:00,3.4649999141693115,3.4800000190734863,3.4600000381469727,3.4800000190734863,3.4800000190734863,1515315
2020-05-15 14:30:00-04:00,3.4749999046325684,3.4800000190734863,3.4600000381469727,3.4649999141693115,3.4649999141693115,1366391
2020-05-15 15:30:00-04:00,3.4649999141693115,3.4700000286102295,3.450000047683716,3.4600000381469727,3.4600000381469727,2639400
2020-05-18 09:30:00-04:00,3.5799999237060547,3.619999885559082,3.5699000358581543,3.615000009536743,3.615000009536743,7631418
2020-05-18 10:30:00-04:00,3.615000009536743,3.690000057220459,3.609999895095825,3.6700000762939453,3.6700000762939453,5508677
2020-05-18 11:30:00-04:00,3.6700000762939453,3.674999952316284,3.6500000953674316,3.6626999378204346,3.6626999378204346,2928225
2020-05-18 12:30:00-04:00,3.6600000858306885,3.680000066757202,3.6600000858306885,3.674999952316284,3.674999952316284,2104257
2020-05-18 13:30:00-04:00,3.674999952316284,3.680000066757202,3.6600000858306885,3.6600000858306885,3.6600000858306885,1825682
2020-05-18 14:30:00-04:00,3.6649999618530273,3.6700000762939453,3.6500000953674316,3.6542000770568848,3.6542000770568848,1769051
2020-05-18 15:30:00-04:00,3.652899980545044,3.6700000762939453,3.6500000953674316,3.6700000762939453,3.6700000762939453,3481550
2020-05-19 09:30:00-04:00,3.6600000858306885,3.690000057220459,3.6500000953674316,3.6649999618530273,3.6649999618530273,5450532
2020-05-19 10:30:00-04:00,3.6649999618530273,3.7200000286102295,3.6500000953674316,3.700000047683716,3.700000047683716,5155625
2020-05-19 11:30:00-04:00,3.700000047683716,3.7200000286102295,3.700000047683716,3.7049999237060547,3.7049999237060547,1648061
2020-05-19 12:30:00-04:00,3.7070000171661377,3.7100000381469727,3.700000047683716,3.7072999477386475,3.7072999477386475,1202679
2020-05-19 13:30:00-04:00,3.7049999237060547,3.7300000190734863,3.700000047683716,3.7298998832702637,3.7298998832702637,1693929
2020-05-19 14:30:00-04:00,3.7276999950408936,3.740000009536743,3.700000047683716,3.7100000381469727,3.7100000381469727,3337932
2020-05-19 15:30:00-04:00,3.7049999237060547,3.7100000381469727,3.690000057220459,3.694999933242798,3.694999933242798,2372398
2020-05-20 09:30:00-04:00,3.740000009536743,3.809999942779541,3.7300000190734863,3.8025999069213867,3.8025999069213867,6087035
2020-05-20 10:30:00-04:00,3.8089001178741455,3.8299999237060547,3.799999952316284,3.815000057220459,3.815000057220459,4032452
2020-05-20 11:30:00-04:00,3.815000057220459,3.819999933242798,3.7799999713897705,3.7799999713897705,3.7799999713897705,2731027
2020-05-20 12:30:00-04:00,3.7850000858306885,3.799999952316284,3.7699999809265137,3.799999952316284,3.799999952316284,3320976
2020-05-20 13:30:00-04:00,3.7950000762939453,3.809999942779541,3.7899999618530273,3.799999952316284,3.799999952316284,1878666
2020-05-20 14:30:00-04:00,3.7899999618530273,3.819999933242798,3.7899999618530273,3.809999942779541,3.809999942779541,1808296
2020-05-20 15:30:00-04:00,3.799999952316284,3.8299999237060547,3.799999952316284,3.8299999237060547,3.8299999237060547,2308670
2020-05-21 09:30:00-04:00,3.869999885559082,3.890000104904175,3.819999933242798,3.825000047683716,3.825000047683716,4351724
2020-05-21 10:30:00-04:00,3.819999933242798,3.829900026321411,3.759999990463257,3.763000011444092,3.763000011444092,3527011
2020-05-21 11:30:00-04:00,3.765000104904175,3.809999942779541,3.759999990463257,3.8043999671936035,3.8043999671936035,2327833
2020-05-21 12:30:00-04:00,3.799999952316284,3.815000057220459,3.7850000858306885,3.805000066757202,3.805000066757202,2842736
2020-05-21 13:30:00-04:00,3.8099000453948975,3.809999942779541,3.7899999618530273,3.799999952316284,3.799999952316284,1000343
2020-05-21 14:30:00-04:00,3.805000066757202,3.809999942779541,3.7699999809265137,3.7950000762939453,3.7950000762939453,3647319
2020-05-21 15:30:00-04:00,3.7899999618530273,3.799999952316284,3.7699999809265137,3.7699999809265137,3.7699999809265137,2827375
2020-05-22 09:30:00-04:00,3.799999952316284,3.819999933242798,3.7799999713897705,3.799999952316284,3.799999952316284,4486184
2020-05-22 10:30:00-04:00,3.799999952316284,3.819999933242798,3.7899999618530273,3.805000066757202,3.805000066757202,4238534
2020-05-22 11:30:00-04:00,3.807800054550171,3.8499999046325684,3.8025999069213867,3.8399999141693115,3.8399999141693115,2881306
2020-05-22 12:30:00-04:00,3.8499999046325684,3.8499999046325684,3.8399999141693115,3.8499999046325684,3.8499999046325684,983901
2020-05-22 13:30:00-04:00,3.8499999046325684,3.859999895095825,3.8399999141693115,3.859999895095825,3.859999895095825,1906097
2020-05-22 14:30:00-04:00,3.859999895095825,3.859999895095825,3.8399999141693115,3.8450000286102295,3.8450000286102295,1648105
2020-05-22 15:30:00-04:00,3.8450000286102295,3.859999895095825,3.8399999141693115,3.8501999378204346,3.8501999378204346,1791885
2020-05-26 09:30:00-04:00,3.9000000953674316,3.9200000762939453,3.880000114440918,3.9049999713897705,3.9049999713897705,6348756
2020-05-26 10:30:00-04:00,3.9100000858306885,3.9200000762939453,3.869999885559082,3.890000104904175,3.890000104904175,4734858
2020-05-26 11:30:00-04:00,3.890000104904175,3.890000104904175,3.869999885559082,3.875,3.875,1380072
2020-05-26 12:30:00-04:00,3.880000114440918,3.880000114440918,3.869999885559082,3.875,3.875,845878
2020-05-26 13:30:00-04:00,3.877700090408325,3.880000114440918,3.869999885559082,3.869999885559082,3.869999885559082,774298
2020-05-26 14:30:00-04:00,3.875,3.880000114440918,3.869999885559082,3.875,3.875,828686
2020-05-26 15:30:00-04:00,3.875,3.880000114440918,3.8499999046325684,3.8499999046325684,3.8499999046325684,2265568
2020-05-27 09:30:00-04:00,3.9100000858306885,3.9200000762939453,3.8499999046325684,3.890000104904175,3.890000104904175,6579778
2020-05-27 10:30:00-04:00,3.8910000324249268,3.8949999809265137,3.8299999237060547,3.869999885559082,3.869999885559082,6388489
2020-05-27 11:30:00-04:00,3.875,3.9000000953674316,3.8499999046325684,3.890000104904175,3.890000104904175,2894947
2020-05-27 12:30:00-04:00,3.8924999237060547,3.9200000762939453,3.890000104904175,3.901599884033203,3.901599884033203,2512160
2020-05-27 13:30:00-04:00,3.9049999713897705,3.9200000762939453,3.890000104904175,3.9149999618530273,3.9149999618530273,2122337
2020-05-27 14:30:00-04:00,3.9149999618530273,3.9200000762939453,3.9100000858306885,3.9149999618530273,3.9149999618530273,1314887
2020-05-27 15:30:00-04:00,3.919800043106079,3.924999952316284,3.9000000953674316,3.9100000858306885,3.9100000858306885,2993673
2020-05-28 09:30:00-04:00,3.940000057220459,3.950000047683716,3.9200000762939453,3.944999933242798,3.944999933242798,4652071
2020-05-28 10:30:00-04:00,3.944999933242798,3.9700000286102295,3.940000057220459,3.9649999141693115,3.9649999141693115,6311381
2020-05-28 11:30:00-04:00,3.9649999141693115,3.9700000286102295,3.9600000381469727,3.9700000286102295,3.9700000286102295,1027707
2020-05-28 12:30:00-04:00,3.9649999141693115,3.9800000190734863,3.9600000381469727,3.9749999046325684,3.9749999046325684,1341823
2020-05-28 13:30:00-04:00,3.9749999046325684,3.9800000190734863,3.940000057220459,3.940000057220459,3.940000057220459,2322621
2020-05-28 14:30:00-04:00,3.944999933242798,3.950000047683716,3.930000066757202,3.934999942779541,3.934999942779541,2570955
2020-05-28 15:30:00-04:00,3.930000066757202,3.9375,3.9100000858306885,3.927500009536743,3.927500009536743,3696924
2020-05-29 09:30:00-04:00,3.9600000381469727,3.9800000190734863,3.930000066757202,3.950000047683716,3.950000047683716,4896756
2020-05-29 10:30:00-04:00,3.950000047683716,3.9600000381469727,3.930000066757202,3.9463000297546387,3.9463000297546387,4236507
2020-05-29 11:30:00-04:00,3.940000057220459,3.950000047683716,3.9200000762939453,3.9200000762939453,3.9200000762939453,1341056
2020-05-29 12:30:00-04:00,3.9200000762939453,3.924999952316284,3.9000000953674316,3.9100000858306885,3.9100000858306885,1800282
2020-05-29 13:30:00-04:00,3.9100000858306885,3.940000057220459,3.9100000858306885,3.933000087738037,3.933000087738037,1556196
2020-05-29 14:30:00-04:00,3.930000066757202,3.950000047683716,3.9000000953674316,3.930000066757202,3.930000066757202,3536843
2020-05-29 15:30:00-04:00,3.930000066757202,3.9700000286102295,3.930000066757202,3.9600000381469727,3.9600000381469727,2721601
2020-06-01 09:30:00-04:00,4.139999866485596,4.179999828338623,4.119999885559082,4.176799774169922,4.176799774169922,8788543
2020-06-01 10:30:00-04:00,4.172399997711182,4.199999809265137,4.139999866485596,4.152500152587891,4.152500152587891,8291937
2020-06-01 11:30:00-04:00,4.159900188446045,4.199999809265137,4.150000095367432,4.199999809265137,4.199999809265137,6830741
2020-06-01 12:30:00-04:00,4.199999809265137,4.224999904632568,4.190000057220459,4.21999979019165,4.21999979019165,4140402
2020-06-01 13:30:00-04:00,4.21999979019165,4.21999979019165,4.210000038146973,4.210000038146973,4.210000038146973,2091392
2020-06-01 14:30:00-04:00,4.210000038146973,4.21999979019165,4.190000057220459,4.190100193023682,4.190100193023682,3411348
2020-06-01 15:30:00-04:00,4.195000171661377,4.210000038146973,4.190000057220459,4.210000038146973,4.210000038146973,4958832
2020-06-02 09:30:00-04:00,4.269999980926514,4.340000152587891,4.260000228881836,4.312600135803223,4.312600135803223,15985905
2020-06-02 10:30:00-04:00,4.320000171661377,4.320000171661377,4.28000020980835,4.289999961853027,4.289999961853027,6328296
2020-06-02 11:30:00-04:00,4.29010009765625,4.309999942779541,4.28000020980835,4.309999942779541,4.309999942779541,3339041
2020-06-02 12:30:00-04:00,4.304999828338623,4.309999942779541,4.300000190734863,4.304999828338623,4.304999828338623,1335091
2020-06-02 13:30:00-04:00,4.309999942779541,4.320000171661377,4.300000190734863,4.307199954986572,4.307199954986572,3402449
2020-06-02 14:30:00-04:00,4.300000190734863,4.309999942779541,4.28000020980835,4.295000076293945,4.295000076293945,2639567
2020-06-02 15:30:00-04:00,4.289999961853027,4.309999942779541,4.289999961853027,4.309999942779541,4.309999942779541,3057072
2020-06-03 09:30:00-04:00,4.320000171661377,4.369999885559082,4.309999942779541,4.360000133514404,4.360000133514404,10284854
2020-06-03 10:30:00-04:00,4.367400169372559,4.400000095367432,4.360000133514404,4.380000114440918,4.380000114440918,5756310
2020-06-03 11:30:00-04:00,4.375,4.389999866485596,4.360000133514404,4.375,4.375,4410236
2020-06-03 12:30:00-04:00,4.378799915313721,4.389999866485596,4.378799915313721,4.385000228881836,4.385000228881836,1777237
2020-06-03 13:30:00-04:00,4.385000228881836,4.389999866485596,4.380000114440918,4.389999866485596,4.389999866485596,2618589
2020-06-03 14:30:00-04:00,4.384699821472168,4.389999866485596,4.369999885559082,4.375,4.375,3984708
2020-06-03 15:30:00-04:00,4.373000144958496,4.380000114440918,4.360000133514404,4.360000133514404,4.360000133514404,2636687
2020-06-04 09:30:00-04:00,4.329999923706055,4.369999885559082,4.309999942779541,4.360000133514404,4.360000133514404,10697895
2020-06-04 10:30:00-04:00,4.360000133514404,4.380000114440918,4.320000171661377,4.327400207519531,4.327400207519531,6765803
2020-06-04 11:30:00-04:00,4.329899787902832,4.340000152587891,4.320000171661377,4.320000171661377,4.320000171661377,4444963
2020-06-04 12:30:00-04:00,4.324999809265137,4.329999923706055,4.28000020980835,4.289999961853027,4.289999961853027,4645701
2020-06-04 13:30:00-04:00,4.293399810791016,4.320000171661377,4.289999961853027,4.295000076293945,4.295000076293945,3982324
2020-06-04 14:30:00-04:00,4.300000190734863,4.300000190734863,4.28000020980835,4.28000020980835,4.28000020980835,2371559
2020-06-04 15:30:00-04:00,4.28000020980835,4.309999942779541,4.28000020980835,4.28249979019165,4.28249979019165,5082759
2020-06-05 09:30:00-04:00,4.440000057220459,4.46999979019165,4.409999847412109,4.427499771118164,4.427499771118164,9396726
2020-06-05 10:30:00-04:00,4.420000076293945,4.5,4.409999847412109,4.480000019073486,4.480000019073486,7183717
2020-06-05 11:30:00-04:00,4.480000019073486,4.5,4.460000038146973,4.489999771118164,4.489999771118164,3972244
2020-06-05 12:30:00-04:00,4.482999801635742,4.489999771118164,4.480000019073486,4.485000133514404,4.485000133514404,1813773
2020-06-05 13:30:00-04:00,4.485599994659424,4.489999771118164,4.480000019073486,4.489999771118164,4.489999771118164,2951994
2020-06-05 14:30:00-04:00,4.489999771118164,4.489999771118164,4.449999809265137,4.460000038146973,4.460000038146973,4337125
2020-06-05 15:30:00-04:00,4.460000038146973,4.46999979019165,4.449999809265137,4.460000038146973,4.460000038146973,2510501
2020-06-08 09:30:00-04:00,4.519999980926514,4.53000020980835,4.480000019073486,4.485000133514404,4.485000133514404,14371937
2020-06-08 10:30:00-04:00,4.485799789428711,4.510000228881836,4.46999979019165,4.494999885559082,4.494999885559082,7272481
2020-06-08 11:30:00-04:00,4.5,4.5,4.480000019073486,4.489999771118164,4.489999771118164,2882433
2020-06-08 12:30:00-04:00,4.494999885559082,4.519999980926514,4.489999771118164,4.5100998878479,4.5100998878479,3776114
2020-06-08 13:30:00-04:00,4.519999980926514,4.539999961853027,4.510000228881836,4.522600173950195,4.522600173950195,3576713
2020-06-08 14:30:00-04:00,4.525000095367432,4.53000020980835,4.510000228881836,4.514999866485596,4.514999866485596,1268789
2020-06-08 15:30:00-04:00,4.514999866485596,4.539999961853027,4.510000228881836,4.519999980926514,4.519999980926514,4656187
2020-06-09 09:30:00-04:00,4.510000228881836,4.510000228881836,4.429999828338623,4.449999809265137,4.449999809265137,10296416
2020-06-09 10:30:00-04:00,4.449999809265137,4.489999771118164,4.429999828338623,4.439899921417236,4.439899921417236,6772114
2020-06-09 11:30:00-04:00,4.433000087738037,4.440000057220459,4.389999866485596,4.416500091552734,4.416500091552734,4873554
2020-06-09 12:30:00-04:00,4.409999847412109,4.429999828338623,4.400000095367432,4.425000190734863,4.425000190734863,2726808
2020-06-09 13:30:00-04:00,4.427499771118164,4.454999923706055,4.409999847412109,4.420000076293945,4.420000076293945,2838563
2020-06-09 14:30:00-04:00,4.409999847412109,4.429999828338623,4.409999847412109,4.425000190734863,4.425000190734863,3134272
2020-06-09 15:30:00-04:00,4.425000190734863,4.440000057220459,4.409999847412109,4.425000190734863,4.425000190734863,4165505
2020-06-10 09:30:00-04:00,4.449999809265137,4.4770002365112305,4.420000076293945,4.440000057220459,4.440000057220459,9859805
2020-06-10 10:30:00-04:00,4.445000171661377,4.449999809265137,4.420000076293945,4.425000190734863,4.425000190734863,3307430
2020-06-10 11:30:00-04:00,4.425000190734863,4.449999809265137,4.409999847412109,4.449900150299072,4.449900150299072,4393300
2020-06-10 12:30:00-04:00,4.449900150299072,4.46999979019165,4.440000057220459,4.449999809265137,4.449999809265137,2979136
2020-06-10 13:30:00-04:00,4.454999923706055,4.510000228881836,4.429999828338623,4.494800090789795,4.494800090789795,6411347
2020-06-10 14:30:00-04:00,4.49370002746582,4.5,4.440000057220459,4.480100154876709,4.480100154876709,4832913
2020-06-10 15:30:00-04:00,4.480000019073486,4.485000133514404,4.449999809265137,4.449999809265137,4.449999809265137,2880439
2020-06-11 09:30:00-04:00,4.309999942779541,4.320000171661377,4.230000019073486,4.235000133514404,4.235000133514404,12311789
2020-06-11 10:30:00-04:00,4.235000133514404,4.25,4.199999809265137,4.21999979019165,4.21999979019165,7584599
2020-06-11 11:30:00-04:00,4.217199802398682,4.21999979019165,4.150000095367432,4.15500020980835,4.15500020980835,6224264
2020-06-11 12:30:00-04:00,4.159999847412109,4.179999828338623,4.130000114440918,4.1529998779296875,4.1529998779296875,6038217
2020-06-11 13:30:00-04:00,4.15500020980835,4.170000076293945,4.110000133514404,4.1321001052856445,4.1321001052856445,4212597
2020-06-11 14:30:00-04:00,4.135000228881836,4.139999866485596,4.070000171661377,4.090000152587891,4.090000152587891,7420958
2020-06-11 15:30:00-04:00,4.09499979019165,4.119999885559082,4.079999923706055,4.110000133514404,4.110000133514404,5287971
2020-06-12 09:30:00-04:00,4.28000020980835,4.309999942779541,4.25,4.255000114440918,4.255000114440918,9789437
2020-06-12 10:30:00-04:00,4.255000114440918,4.260000228881836,4.159999847412109,4.188000202178955,4.188000202178955,6687929
2020-06-12 11:30:00-04:00,4.184199810028076,4.25,4.170000076293945,4.21560001373291,4.21560001373291,5087801
2020-06-12 12:30:00-04:00,4.21999979019165,4.21999979019165,4.130000114440918,4.150000095367432,4.150000095367432,5431158
2020-06-12 13:30:00-04:00,4.150000095367432,4.159999847412109,4.110000133514404,4.15500020980835,4.15500020980835,4105134
2020-06-12 14:30:00-04:00,4.1570000648498535,4.199999809265137,4.139999866485596,4.170000076293945,4.170000076293945,3690127
2020-06-12 15:30:00-04:00,4.16349983215332,4.199999809265137,4.150000095367432,4.195000171661377,4.195000171661377,3384810
2020-06-15 09:30:00-04:00,4.150000095367432,4.199999809265137,4.099999904632568,4.159999847412109,4.159999847412109,9729866
2020-06-15 10:30:00-04:00,4.162600040435791,4.25,4.159999847412109,4.21999979019165,4.21999979019165,8692428
2020-06-15 11:30:00-04:00,4.21999979019165,4.260000228881836,4.190000057220459,4.239999771118164,4.239999771118164,4023176
2020-06-15 12:30:00-04:00,4.239999771118164,4.28000020980835,4.230000019073486,4.25,4.25,2723751
2020-06-15 13:30:00-04:00,4.25,4.289999961853027,4.211299896240234,4.28000020980835,4.28000020980835,5193582
2020-06-15 14:30:00-04:00,4.284999847412109,4.289999961853027,4.25,4.25,4.25,5101013
2020-06-15 15:30:00-04:00,4.255000114440918,4.28000020980835,4.230000019073486,4.28000020980835,4.28000020980835,3823438
2020-06-16 09:30:00-04:00,4.400000095367432,4.429999828338623,4.389999866485596,4.417399883270264,4.417399883270264,10862762
2020-06-16 10:30:00-04:00,4.420000076293945,4.429999828338623,4.300000190734863,4.3470001220703125,4.3470001220703125,8959696
2020-06-16 11:30:00-04:00,4.34499979019165,4.369999885559082,4.320000171661377,4.360000133514404,4.360000133514404,5081484
2020-06-16 12:30:00-04:00,4.35699987411499,4.380000114440918,4.349999904632568,4.349999904632568,4.349999904632568,2606013
2020-06-16 13:30:00-04:00,4.349999904632568,4.369999885559082,4.340000152587891,4.355000019073486,4.355000019073486,2803089
2020-06-16 14:30:00-04:00,4.355000019073486,4.369999885559082,4.329999923706055,4.355000019073486,4.355000019073486,3502194
2020-06-16 15:30:00-04:00,4.355000019073486,4.360000133514404,4.329999923706055,4.349999904632568,4.349999904632568,2687270
2020-06-17 09:30:00-04:00,4.420000076293945,4.440000057220459,4.380000114440918,4.380000114440918,4.380000114440918,10714799
2020-06-17 10:30:00-04:00,4.38040018081665,4.440000057220459,4.380000114440918,4.402500152587891,4.402500152587891,7755760
2020-06-17 11:30:00-04:00,4.40500020980835,4.420000076293945,4.400000095367432,4.420000076293945,4.420000076293945,2604929
2020-06-17 12:30:00-04:00,4.414999961853027,4.440000057220459,4.409999847412109,4.416100025177002,4.416100025177002,3086055
2020-06-17 13:30:00-04:00,4.420000076293945,4.429999828338623,4.409999847412109,4.429999828338623,4.429999828338623,2013245
2020-06-17 14:30:00-04:00,4.429999828338623,4.440000057220459,4.409999847412109,4.415800094604492,4.415800094604492,2441449
2020-06-17 15:30:00-04:00,4.414999961853027,4.420000076293945,4.400000095367432,4.420000076293945,4.420000076293945,2734403
2020-06-18 09:30:00-04:00,4.389999866485596,4.400000095367432,4.349999904632568,4.364999771118164,4.364999771118164,7631845
2020-06-18 10:30:00-04:00,4.369999885559082,4.409999847412109,4.349999904632568,4.380000114440918,4.380000114440918,4829933
2020-06-18 11:30:00-04:00,4.380000114440918,4.389999866485596,4.360000133514404,4.375,4.375,2457021
2020-06-18 12:30:00-04:00,4.380000114440918,4.380000114440918,4.360000133514404,4.364799976348877,4.364799976348877,1349736
2020-06-18 13:30:00-04:00,4.366600036621094,4.369999885559082,4.349999904632568,4.369999885559082,4.369999885559082,1539149
2020-06-18 14:30:00-04:00,4.364999771118164,4.369999885559082,4.349999904632568,4.369999885559082,4.369999885559082,2033293
2020-06-18 15:30:00-04:00,4.364999771118164,4.389999866485596,4.36299991607666,4.369999885559082,4.369999885559082,3017582
2020-06-19 09:30:00-04:00,4.420000076293945,4.420000076293945,4.369999885559082,4.394999980926514,4.394999980926514,5270679
2020-06-19 10:30:00-04:00,4.392600059509277,4.400000095367432,4.349999904632568,4.367099761962891,4.367099761962891,3006753
2020-06-19 11:30:00-04:00,4.360000133514404,4.380000114440918,4.309999942779541,4.320000171661377,4.320000171661377,3122497
2020-06-19 12:30:00-04:00,4.327400207519531,4.349999904632568,4.309999942779541,4.309999942779541,4.309999942779541,2170971
2020-06-19 13:30:00-04:00,4.317500114440918,4.329999923706055,4.300000190734863,4.309899806976318,4.309899806976318,1991276
2020-06-19 14:30:00-04:00,4.309999942779541,4.349999904632568,4.302999973297119,4.329999923706055,4.329999923706055,2756625
2020-06-19 15:30:00-04:00,4.329999923706055,4.349999904632568,4.315000057220459,4.326399803161621,4.326399803161621,2209500
2020-06-22 09:30:00-04:00,4.309999942779541,4.329999923706055,4.289999961853027,4.320000171661377,4.320000171661377,6345960
2020-06-22 10:30:00-04:00,4.320000171661377,4.329999923706055,4.300000190734863,4.309999942779541,4.309999942779541,1754632
2020-06-22 11:30:00-04:00,4.313490867614746,4.369999885559082,4.300000190734863,4.369999885559082,4.369999885559082,2959385
2020-06-22 12:30:00-04:00,4.364999771118164,4.369999885559082,4.329999923706055,4.340000152587891,4.340000152587891,2045973
2020-06-22 13:30:00-04:00,4.3470001220703125,4.349999904632568,4.309999942779541,4.32626485824585,4.32626485824585,2957247
2020-06-22 14:30:00-04:00,4.324999809265137,4.340000152587891,4.300000190734863,4.320000171661377,4.320000171661377,3091553
2020-06-22 15:30:00-04:00,4.320000171661377,4.329999923706055,4.309999942779541,4.324999809265137,4.324999809265137,1381849
2020-06-23 09:30:00-04:00,4.389999866485596,4.409999847412109,4.349999904632568,4.384799957275391,4.384799957275391,6471096
2020-06-23 10:30:00-04:00,4.387499809265137,4.400000095367432,4.360000133514404,4.380000114440918,4.380000114440918,2649064
2020-06-23 11:30:00-04:00,4.360000133514404,4.369999885559082,4.340000152587891,4.360000133514404,4.360000133514404,3541351
2020-06-23 12:30:00-04:00,4.355000019073486,4.369999885559082,4.340000152587891,4.364999771118164,4.364999771118164,1948185
2020-06-23 13:30:00-04:00,4.364999771118164,4.369999885559082,4.349999904632568,4.349999904632568,4.349999904632568,981107
2020-06-23 14:30:00-04:00,4.355000019073486,4.380000114440918,4.349999904632568,4.359000205993652,4.359000205993652,2483416
2020-06-23 15:30:00-04:00,4.355000019073486,4.360000133514404,4.329999923706055,4.335000038146973,4.335000038146973,1897804
2020-06-24 09:30:00-04:00,4.309999942779541,4.320000171661377,4.239999771118164,4.270999908447266,4.270999908447266,6250484
2020-06-24 10:30:00-04:00,4.277500152587891,4.2789998054504395,4.210000038146973,4.235000133514404,4.235000133514404,6890346
2020-06-24 11:30:00-04:00,4.230000019073486,4.230000019073486,4.170000076293945,4.177000045776367,4.177000045776367,7689281
2020-06-24 12:30:00-04:00,4.1774001121521,4.230000019073486,4.170000076293945,4.179999828338623,4.179999828338623,4608812
2020-06-24 13:30:00-04:00,4.179999828338623,4.190000057220459,4.170000076293945,4.184999942779541,4.184999942779541,2561013
2020-06-24 14:30:00-04:00,4.184999942779541,4.210000038146973,4.179999828338623,4.207300186157227,4.207300186157227,3573970
2020-06-24 15:30:00-04:00,4.204999923706055,4.210000038146973,4.179999828338623,4.195000171661377,4.195000171661377,4571724
2020-06-25 09:30:00-04:00,4.179999828338623,4.239999771118164,4.150000095367432,4.224999904632568,4.224999904632568,7062933
2020-06-25 10:30:00-04:00,4.227499961853027,4.230000019073486,4.190000057220459,4.21999979019165,4.21999979019165,4073618
2020-06-25 11:30:00-04:00,4.21999979019165,4.369999885559082,4.199999809265137,4.335000038146973,4.335000038146973,14315973
2020-06-25 12:30:00-04:00,4.332600116729736,4.420000076293945,4.329999923706055,4.394800186157227,4.394800186157227,5303479
2020-06-25 13:30:00-04:00,4.396999835968018,4.440000057220459,4.389999866485596,4.400000095367432,4.400000095367432,4010539
2020-06-25 14:30:00-04:00,4.389999866485596,4.449999809265137,4.389999866485596,4.449999809265137,4.449999809265137,3980646
2020-06-25 15:30:00-04:00,4.449999809265137,4.449999809265137,4.420000076293945,4.445000171661377,4.445000171661377,4279016
2020-06-26 09:30:00-04:00,4.420000076293945,4.440000057220459,4.360000133514404,4.388999938964844,4.388999938964844,11754780
2020-06-26 10:30:00-04:00,4.385000228881836,4.400000095367432,4.340000152587891,4.369999885559082,4.369999885559082,10385883
2020-06-26 11:30:00-04:00,4.375,4.380000114440918,4.349999904632568,4.364999771118164,4.364999771118164,3936006
2020-06-26 12:30:00-04:00,4.367400169372559,4.389999866485596,4.360000133514404,4.375,4.375,2292051
2020-06-26 13:30:00-04:00,4.375,4.380000114440918,4.360000133514404,4.369999885559082,4.369999885559082,2314225
2020-06-26 14:30:00-04:00,4.364999771118164,4.369999885559082,4.340000152587891,4.355000019073486,4.355000019073486,3137673
2020-06-26 15:30:00-04:00,4.349999904632568,4.360000133514404,4.329999923706055,4.34499979019165,4.34499979019165,5936103
2020-06-29 09:30:00-04:00,4.360000133514404,4.380000114440918,4.309999942779541,4.369999885559082,4.369999885559082,7661008
2020-06-29 10:30:00-04:00,4.365799903869629,4.4070000648498535,4.340000152587891,4.360000133514404,4.360000133514404,8520676
2020-06-29 11:30:00-04:00,4.360000133514404,4.369999885559082,4.340000152587891,4.369999885559082,4.369999885559082,2150544
2020-06-29 12:30:00-04:00,4.364999771118164,4.369999885559082,4.340000152587891,4.34499979019165,4.34499979019165,1197145
2020-06-29 13:30:00-04:00,4.34499979019165,4.349999904632568,4.329999923706055,4.33489990234375,4.33489990234375,3947427
2020-06-29 14:30:00-04:00,4.333499908447266,4.349999904632568,4.320000171661377,4.34499979019165,4.34499979019165,2842463
2020-06-29 15:30:00-04:00,4.340000152587891,4.360000133514404,4.329999923706055,4.355000019073486,4.355000019073486,3396169
2020-06-30 09:30:00-04:00,4.300000190734863,4.349999904632568,4.295000076293945,4.324999809265137,4.324999809265137,5555714
2020-06-30 10:30:00-04:00,4.324999809265137,4.380000114440918,4.320000171661377,4.369999885559082,4.369999885559082,3512319
2020-06-30 11:30:00-04:00,4.369999885559082,4.369999885559082,4.349999904632568,4.355000019073486,4.355000019073486,1584071
2020-06-30 12:30:00-04:00,4.355000019073486,4.369999885559082,4.340000152587891,4.349999904632568,4.349999904632568,1916603
2020-06-30 13:30:00-04:00,4.349999904632568,4.360000133514404,4.329999923706055,4.34689998626709,4.34689998626709,1988515
2020-06-30 14:30:00-04:00,4.349999904632568,4.360000133514404,4.340000152587891,4.359899997711182,4.359899997711182,2733940
2020-06-30 15:30:00-04:00,4.360000133514404,4.409999847412109,4.355000019073486,4.394999980926514,4.394999980926514,3787869
2020-07-01 09:30:00-04:00,4.360000133514404,4.400000095367432,4.340000152587891,4.394999980926514,4.394999980926514,6526018
2020-07-01 10:30:00-04:00,4.394999980926514,4.409999847412109,4.349999904632568,4.355000019073486,4.355000019073486,4865842
2020-07-01 11:30:00-04:00,4.355000019073486,4.400000095367432,4.349999904632568,4.390999794006348,4.390999794006348,1882265
2020-07-01 12:30:00-04:00,4.400000095367432,4.400000095367432,4.369999885559082,4.375,4.375,1807496
2020-07-01 13:30:00-04:00,4.373300075531006,4.380000114440918,4.34499979019165,4.360000133514404,4.360000133514404,2412486
2020-07-01 14:30:00-04:00,4.355000019073486,4.369999885559082,4.340000152587891,4.364999771118164,4.364999771118164,3372283
2020-07-01 15:30:00-04:00,4.360000133514404,4.369999885559082,4.349999904632568,4.360000133514404,4.360000133514404,3609964
2020-07-02 09:30:00-04:00,4.429999828338623,4.5,4.429999828338623,4.480000019073486,4.480000019073486,8406418
2020-07-02 10:30:00-04:00,4.480000019073486,4.489999771118164,4.449999809265137,4.460000038146973,4.460000038146973,5732798
2020-07-02 11:30:00-04:00,4.46750020980835,4.480000019073486,4.460000038146973,4.480000019073486,4.480000019073486,2324751
2020-07-02 12:30:00-04:00,4.480000019073486,4.480000019073486,4.46999979019165,4.476900100708008,4.476900100708008,926771
2020-07-02 13:30:00-04:00,4.480000019073486,4.485000133514404,4.449999809265137,4.46999979019165,4.46999979019165,2884380
2020-07-02 14:30:00-04:00,4.465000152587891,4.477499961853027,4.449999809265137,4.449999809265137,4.449999809265137,2214049
2020-07-02 15:30:00-04:00,4.460000038146973,4.460000038146973,4.425000190734863,4.434999942779541,4.434999942779541,3504236
2020-07-06 09:30:00-04:00,4.630000114440918,4.670000076293945,4.619999885559082,4.639999866485596,4.639999866485596,9511959
2020-07-06 10:30:00-04:00,4.635000228881836,4.75,4.630000114440918,4.71999979019165,4.71999979019165,11481428
2020-07-06 11:30:00-04:00,4.724999904632568,4.75,4.659999847412109,4.675000190734863,4.675000190734863,8322866
2020-07-06 12:30:00-04:00,4.675000190734863,4.679999828338623,4.639999866485596,4.667399883270264,4.667399883270264,5316203
2020-07-06 13:30:00-04:00,4.664999961853027,4.690000057220459,4.650000095367432,4.675000190734863,4.675000190734863,3299049
2020-07-06 14:30:00-04:00,4.670000076293945,4.679999828338623,4.619999885559082,4.623899936676025,4.623899936676025,7183187
2020-07-06 15:30:00-04:00,4.625,4.639999866485596,4.590000152587891,4.599999904632568,4.599999904632568,10340267
2020-07-07 09:30:00-04:00,4.570000171661377,4.579999923706055,4.480000019073486,4.494999885559082,4.494999885559082,15803443
2020-07-07 10:30:00-04:00,4.494999885559082,4.519999980926514,4.46999979019165,4.514999866485596,4.514999866485596,7422894
2020-07-07 11:30:00-04:00,4.5,4.510000228881836,4.400000095367432,4.41349983215332,4.41349983215332,9456703
2020-07-07 12:30:00-04:00,4.414999961853027,4.429999828338623,4.375,4.385000228881836,4.385000228881836,4125061
2020-07-07 13:30:00-04:00,4.385000228881836,4.409999847412109,4.380000114440918,4.380000114440918,4.380000114440918,4114118
2020-07-07 14:30:00-04:00,4.385000228881836,4.389999866485596,4.300000190734863,4.315000057220459,4.315000057220459,8675207
2020-07-07 15:30:00-04:00,4.315000057220459,4.329999923706055,4.300000190734863,4.309999942779541,4.309999942779541,8071217
2020-07-08 09:30:00-04:00,4.159999847412109,4.170000076293945,4.110000133514404,4.144999980926514,4.144999980926514,23054823
2020-07-08 10:30:00-04:00,4.139999866485596,4.190000057220459,4.130000114440918,4.150000095367432,4.150000095367432,8147827
2020-07-08 11:30:00-04:00,4.150000095367432,4.210000038146973,4.139999866485596,4.179999828338623,4.179999828338623,7705389
2020-07-08 12:30:00-04:00,4.187399864196777,4.190000057220459,4.150000095367432,4.15500020980835,4.15500020980835,3097942
2020-07-08 13:30:00-04:00,4.15500020980835,4.179999828338623,4.150000095367432,4.175000190734863,4.175000190734863,4465326
2020-07-08 14:30:00-04:00,4.179999828338623,4.179999828338623,4.159999847412109,4.170000076293945,4.170000076293945,4023340
2020-07-08 15:30:00-04:00,4.175000190734863,4.179999828338623,4.150000095367432,4.150000095367432,4.150000095367432,5117945
2020-07-09 09:30:00-04:00,4.139999866485596,4.159999847412109,4.119999885559082,4.159999847412109,4.159999847412109,6938563
2020-07-09 10:30:00-04:00,4.159999847412109,4.159999847412109,4.059999942779541,4.090000152587891,4.090000152587891,9001016
2020-07-09 11:30:00-04:00,4.090000152587891,4.190000057220459,4.079999923706055,4.170000076293945,4.170000076293945,7476593
2020-07-09 12:30:00-04:00,4.167399883270264,4.199999809265137,4.150000095367432,4.190000057220459,4.190000057220459,3722365
2020-07-09 13:30:00-04:00,4.190000057220459,4.199999809265137,4.170000076293945,4.184999942779541,4.184999942779541,2846953
2020-07-09 14:30:00-04:00,4.182300090789795,4.210000038146973,4.175000190734863,4.195400238037109,4.195400238037109,2845410
2020-07-09 15:30:00-04:00,4.195000171661377,4.199999809265137,4.170000076293945,4.172599792480469,4.172599792480469,4461698
2020-07-10 09:30:00-04:00,4.110000133514404,4.159999847412109,4.090000152587891,4.130000114440918,4.130000114440918,9646131
2020-07-10 10:30:00-04:00,4.130000114440918,4.150000095367432,4.119999885559082,4.120999813079834,4.120999813079834,4291456
2020-07-10 11:30:00-04:00,4.125,4.139999866485596,4.119999885559082,4.130000114440918,4.130000114440918,1487236
2020-07-10 12:30:00-04:00,4.119999885559082,4.130000114440918,4.099999904632568,4.119999885559082,4.119999885559082,2485148
2020-07-10 13:30:00-04:00,4.119999885559082,4.130000114440918,4.110000133514404,4.114999771118164,4.114999771118164,1528802
2020-07-10 14:30:00-04:00,4.112599849700928,4.130000114440918,4.110000133514404,4.120100021362305,4.120100021362305,2448413
2020-07-10 15:30:00-04:00,4.125,4.139999866485596,4.119999885559082,4.119999885559082,4.119999885559082,2976177
2020-07-13 09:30:00-04:00,4.239999771118164,4.28000020980835,4.230000019073486,4.264999866485596,4.264999866485596,10757587
2020-07-13 10:30:00-04:00,4.269999980926514,4.289999961853027,4.260000228881836,4.275000095367432,4.275000095367432,6747838
2020-07-13 11:30:00-04:00,4.269999980926514,4.289999961853027,4.260000228881836,4.289999961853027,4.289999961853027,2884781
2020-07-13 12:30:00-04:00,4.289899826049805,4.309999942779541,4.28000020980835,4.295000076293945,4.295000076293945,3949847
2020-07-13 13:30:00-04:00,4.297299861907959,4.300000190734863,4.239999771118164,4.244999885559082,4.244999885559082,3396241
2020-07-13 14:30:00-04:00,4.244999885559082,4.260000228881836,4.210000038146973,4.230000019073486,4.230000019073486,4512662
2020-07-13 15:30:00-04:00,4.224999904632568,4.230000019073486,4.179999828338623,4.179999828338623,4.179999828338623,4787167
2020-07-14 09:30:00-04:00,4.239999771118164,4.329999923706055,4.239999771118164,4.289999961853027,4.289999961853027,15438458
2020-07-14 10:30:00-04:00,4.289999961853027,4.329999923706055,4.285200119018555,4.295000076293945,4.295000076293945,6834188
2020-07-14 11:30:00-04:00,4.289999961853027,4.329999923706055,4.289999961853027,4.320000171661377,4.320000171661377,3994945
2020-07-14 12:30:00-04:00,4.313899993896484,4.320000171661377,4.28000020980835,4.289999961853027,4.289999961853027,2563104
2020-07-14 13:30:00-04:00,4.295000076293945,4.320000171661377,4.28000020980835,4.309999942779541,4.309999942779541,3239996
2020-07-14 14:30:00-04:00,4.315000057220459,4.320000171661377,4.28000020980835,4.309999942779541,4.309999942779541,3155377
2020-07-14 15:30:00-04:00,4.304999828338623,4.329999923706055,4.300000190734863,4.320000171661377,4.320000171661377,3197294
2020-07-15 09:30:00-04:00,4.389999866485596,4.400000095367432,4.360000133514404,4.373300075531006,4.373300075531006,7353809
2020-07-15 10:30:00-04:00,4.380000114440918,4.385000228881836,4.320000171661377,4.335000038146973,4.335000038146973,5484283
2020-07-15 11:30:00-04:00,4.335000038146973,4.340000152587891,4.28000020980835,4.307499885559082,4.307499885559082,5321748
2020-07-15 12:30:00-04:00,4.307000160217285,4.329999923706055,4.289999961853027,4.320000171661377,4.320000171661377,1788087
2020-07-15 13:30:00-04:00,4.324999809265137,4.340000152587891,4.309999942779541,4.320000171661377,4.320000171661377,3579205
2020-07-15 14:30:00-04:00,4.320000171661377,4.329999923706055,4.300000190734863,4.329999923706055,4.329999923706055,3338613
2020-07-15 15:30:00-04:00,4.324999809265137,4.340000152587891,4.309999942779541,4.329999923706055,4.329999923706055,2551163
2020-07-16 09:30:00-04:00,4.269999980926514,4.289999961853027,4.25,4.28000020980835,4.28000020980835,4602569
2020-07-16 10:30:00-04:00,4.284999847412109,4.289999961853027,4.239999771118164,4.239999771118164,4.239999771118164,5042100
2020-07-16 11:30:00-04:00,4.244999885559082,4.25,4.230000019073486,4.230000019073486,4.230000019073486,1851306
2020-07-16 12:30:00-04:00,4.230000019073486,4.25,4.230000019073486,4.244999885559082,4.244999885559082,2514053
2020-07-16 13:30:00-04:00,4.244999885559082,4.260000228881836,4.239999771118164,4.25,4.25,1596440
2020-07-16 14:30:00-04:00,4.255000114440918,4.260000228881836,4.25,4.260000228881836,4.260000228881836,2208004
2020-07-16 15:30:00-04:00,4.255000114440918,4.260000228881836,4.230000019073486,4.239999771118164,4.239999771118164,3656615
2020-07-17 09:30:00-04:00,4.360000133514404,4.440000057220459,4.340000152587891,4.400000095367432,4.400000095367432,17327222
2020-07-17 10:30:00-04:00,4.400000095367432,4.420000076293945,4.380000114440918,4.40500020980835,4.40500020980835,8357492
2020-07-17 11:30:00-04:00,4.404799938201904,4.46999979019165,4.400000095367432,4.465000152587891,4.465000152587891,6088634
2020-07-17 12:30:00-04:00,4.469900131225586,4.46999979019165,4.380000114440918,4.400000095367432,4.400000095367432,7253557
2020-07-17 13:30:00-04:00,4.400000095367432,4.409999847412109,4.369999885559082,4.389999866485596,4.389999866485596,3276664
2020-07-17 14:30:00-04:00,4.389999866485596,4.429999828338623,4.389999866485596,4.429999828338623,4.429999828338623,3756816
2020-07-17 15:30:00-04:00,4.425000190734863,4.440000057220459,4.389999866485596,4.400000095367432,4.400000095367432,3315092
2020-07-20 09:30:00-04:00,4.400000095367432,4.449999809265137,4.400000095367432,4.446499824523926,4.446499824523926,9367178
2020-07-20 10:30:00-04:00,4.449999809265137,4.480000019073486,4.449999809265137,4.452700138092041,4.452700138092041,5644619
2020-07-20 11:30:00-04:00,4.454999923706055,4.46999979019165,4.429999828338623,4.429999828338623,4.429999828338623,3862461
2020-07-20 12:30:00-04:00,4.434999942779541,4.440000057220459,4.420000076293945,4.425000190734863,4.425000190734863,2944959
2020-07-20 13:30:00-04:00,4.425000190734863,4.449999809265137,4.420000076293945,4.449999809265137,4.449999809265137,2518574
2020-07-20 14:30:00-04:00,4.449999809265137,4.449999809265137,4.429999828338623,4.440000057220459,4.440000057220459,3128135
2020-07-20 15:30:00-04:00,4.440000057220459,4.449999809265137,4.429999828338623,4.445000171661377,4.445000171661377,2622748
2020-07-21 09:30:00-04:00,4.510000228881836,4.519999980926514,4.460000038146973,4.467979907989502,4.467979907989502,9344650
2020-07-21 10:30:00-04:00,4.465000152587891,4.489999771118164,4.449999809265137,4.46999979019165,4.46999979019165,4312270
2020-07-21 11:30:00-04:00,4.462600231170654,4.480000019073486,4.449999809265137,4.460000038146973,4.460000038146973,2820425
2020-07-21 12:30:00-04:00,4.460000038146973,4.480000019073486,4.460000038146973,4.465000152587891,4.465000152587891,2026468
2020-07-21 13:30:00-04:00,4.4679999351501465,4.46999979019165,4.460000038146973,4.465000152587891,4.465000152587891,1348968
2020-07-21 14:30:00-04:00,4.467400074005127,4.46999979019165,4.449999809265137,4.454999923706055,4.454999923706055,2541660
2020-07-21 15:30:00-04:00,4.452899932861328,4.460000038146973,4.429999828338623,4.429999828338623,4.429999828338623,3615356
2020-07-22 09:30:00-04:00,4.46999979019165,4.489999771118164,4.449999809265137,4.46999979019165,4.46999979019165,5545254
2020-07-22 10:30:00-04:00,4.474999904632568,4.5,4.460000038146973,4.494999885559082,4.494999885559082,3615768
2020-07-22 11:30:00-04:00,4.494999885559082,4.5,4.489999771118164,4.5,4.5,1513761
2020-07-22 12:30:00-04:00,4.494999885559082,4.550000190734863,4.489999771118164,4.534999847412109,4.534999847412109,3988279
2020-07-22 13:30:00-04:00,4.534999847412109,4.539999961853027,4.519999980926514,4.5269999504089355,4.5269999504089355,2548905
2020-07-22 14:30:00-04:00,4.519999980926514,4.539999961853027,4.519999980926514,4.53000020980835,4.53000020980835,2892239
2020-07-22 15:30:00-04:00,4.525000095367432,4.539999961853027,4.5,4.510000228881836,4.510000228881836,2784886
2020-07-23 09:30:00-04:00,4.480000019073486,4.489999771118164,4.449999809265137,4.46999979019165,4.46999979019165,7125584
2020-07-23 10:30:00-04:00,4.474999904632568,4.489999771118164,4.429999828338623,4.429999828338623,4.429999828338623,5399806
2020-07-23 11:30:00-04:00,4.429999828338623,4.447500228881836,4.409999847412109,4.420000076293945,4.420000076293945,4239997
2020-07-23 12:30:00-04:00,4.413000106811523,4.420000076293945,4.400000095367432,4.40500020980835,4.40500020980835,1785907
2020-07-23 13:30:00-04:00,4.40500020980835,4.409999847412109,4.300000190734863,4.340000152587891,4.340000152587891,8090893
2020-07-23 14:30:00-04:00,4.34089994430542,4.360000133514404,4.329999923706055,4.34499979019165,4.34499979019165,4700894
2020-07-23 15:30:00-04:00,4.34499979019165,4.369999885559082,4.340000152587891,4.364999771118164,4.364999771118164,3966180
2020-07-24 09:30:00-04:00,4.340000152587891,4.349999904632568,4.289999961853027,4.320899963378906,4.320899963378906,8018119
2020-07-24 10:30:00-04:00,4.324999809265137,4.349999904632568,4.309999942779541,4.349999904632568,4.349999904632568,2434768
2020-07-24 11:30:00-04:00,4.34499979019165,4.360000133514404,4.320000171661377,4.320000171661377,4.320000171661377,1877637
2020-07-24 12:30:00-04:00,4.324999809265137,4.329999923706055,4.300000190734863,4.304999828338623,4.304999828338623,2517452
2020-07-24 13:30:00-04:00,4.304999828338623,4.32859992980957,4.300000190734863,4.319900035858154,4.319900035858154,2112231
2020-07-24 14:30:00-04:00,4.320000171661377,4.320000171661377,4.289999961853027,4.295000076293945,4.295000076293945,2521291
2020-07-24 15:30:00-04:00,4.300000190734863,4.309999942779541,4.289999961853027,4.309999942779541,4.309999942779541,2946525
2020-07-27 09:30:00-04:00,4.329999923706055,4.369999885559082,4.320000171661377,4.360000133514404,4.360000133514404,6236969
2020-07-27 10:30:00-04:00,4.360000133514404,4.369999885559082,4.340000152587891,4.340000152587891,4.340000152587891,2571841
2020-07-27 11:30:00-04:00,4.349999904632568,4.349999904632568,4.329999923706055,4.335000038146973,4.335000038146973,2765112
2020-07-27 12:30:00-04:00,4.335000038146973,4.340000152587891,4.329999923706055,4.335000038146973,4.335000038146973,1822735
2020-07-27 13:30:00-04:00,4.335000038146973,4.349999904632568,4.329999923706055,4.335000038146973,4.335000038146973,2466303
2020-07-27 14:30:00-04:00,4.335000038146973,4.360000133514404,4.329999923706055,4.349999904632568,4.349999904632568,2164473
2020-07-27 15:30:00-04:00,4.349999904632568,4.360000133514404,4.329999923706055,4.340000152587891,4.340000152587891,2771035
2020-07-28 09:30:00-04:00,4.309999942779541,4.315000057220459,4.260000228881836,4.284999847412109,4.284999847412109,6432404
2020-07-28 10:30:00-04:00,4.284999847412109,4.300000190734863,4.260000228881836,4.289999961853027,4.289999961853027,4370373
2020-07-28 11:30:00-04:00,4.289999961853027,4.300000190734863,4.28000020980835,4.289999961853027,4.289999961853027,1521440
2020-07-28 12:30:00-04:00,4.289999961853027,4.320000171661377,4.28000020980835,4.309999942779541,4.309999942779541,1837132
2020-07-28 13:30:00-04:00,4.304999828338623,4.329999923706055,4.300000190734863,4.315000057220459,4.315000057220459,1631322
2020-07-28 14:30:00-04:00,4.320000171661377,4.320000171661377,4.289999961853027,4.29010009765625,4.29010009765625,2104528
2020-07-28 15:30:00-04:00,4.295000076293945,4.300000190734863,4.28000020980835,4.284999847412109,4.284999847412109,1586465
2020-07-29 09:30:00-04:00,4.309999942779541,4.349999904632568,4.302599906921387,4.34499979019165,4.34499979019165,3476746
2020-07-29 10:30:00-04:00,4.34499979019165,4.360000133514404,4.329999923706055,4.335000038146973,4.335000038146973,2723002
2020-07-29 11:30:00-04:00,4.335000038146973,4.349999904632568,4.329999923706055,4.340000152587891,4.340000152587891,2217550
2020-07-29 12:30:00-04:00,4.340000152587891,4.360000133514404,4.340000152587891,4.355000019073486,4.355000019073486,1064269
2020-07-29 13:30:00-04:00,4.355000019073486,4.360000133514404,4.329999923706055,4.340000152587891,4.340000152587891,1486963
2020-07-29 14:30:00-04:00,4.349999904632568,4.360000133514404,4.329999923706055,4.34499979019165,4.34499979019165,2043473
2020-07-29 15:30:00-04:00,4.349999904632568,4.360000133514404,4.340000152587891,4.3491997718811035,4.3491997718811035,2036242
2020-07-30 09:30:00-04:00,4.21999979019165,4.239999771118164,4.159999847412109,4.190000057220459,4.190000057220459,12274337
2020-07-30 10:30:00-04:00,4.190000057220459,4.269999980926514,4.179999828338623,4.269199848175049,4.269199848175049,9012847
2020-07-30 11:30:00-04:00,4.262899875640869,4.329999923706055,4.260000228881836,4.316800117492676,4.316800117492676,5392274
2020-07-30 12:30:00-04:00,4.316199779510498,4.380000114440918,4.309999942779541,4.36299991607666,4.36299991607666,3565170
2020-07-30 13:30:00-04:00,4.364999771118164,4.480000019073486,4.360000133514404,4.457300186157227,4.457300186157227,9835086
2020-07-30 14:30:00-04:00,4.454999923706055,4.53000020980835,4.449999809265137,4.472599983215332,4.472599983215332,11567032
2020-07-30 15:30:00-04:00,4.472599983215332,4.489999771118164,4.429999828338623,4.440000057220459,4.440000057220459,6138415
2020-07-31 09:30:00-04:00,4.860000133514404,4.949999809265137,4.849999904632568,4.909999847412109,4.909999847412109,45990547
2020-07-31 10:30:00-04:00,4.909999847412109,4.947299957275391,4.78000020980835,4.809999942779541,4.809999942779541,21663718
2020-07-31 11:30:00-04:00,4.815000057220459,4.829999923706055,4.635000228881836,4.677499771118164,4.677499771118164,20435763
2020-07-31 12:30:00-04:00,4.675000190734863,4.735000133514404,4.639999866485596,4.71999979019165,4.71999979019165,9321558
2020-07-31 13:30:00-04:00,4.71999979019165,4.739999771118164,4.699999809265137,4.735000133514404,4.735000133514404,6188246
2020-07-31 14:30:00-04:00,4.735000133514404,4.795000076293945,4.730000019073486,4.767399787902832,4.767399787902832,7141976
2020-07-31 15:30:00-04:00,4.764999866485596,4.800000190734863,4.760000228881836,4.78000020980835,4.78000020980835,5815364
2020-08-03 09:30:00-04:00,4.960000038146973,5.130000114440918,4.940100193023682,5.099999904632568,5.099999904632568,26238599
2020-08-03 10:30:00-04:00,5.105000019073486,5.119999885559082,5.039999961853027,5.059999942779541,5.059999942779541,10603114
2020-08-03 11:30:00-04:00,5.059999942779541,5.079999923706055,5.03000020980835,5.054999828338623,5.054999828338623,7006215
2020-08-03 12:30:00-04:00,5.054999828338623,5.070000171661377,5.039999961853027,5.065000057220459,5.065000057220459,4264065
2020-08-03 13:30:00-04:00,5.065000057220459,5.070000171661377,5.03000020980835,5.054999828338623,5.054999828338623,3864270
2020-08-03 14:30:00-04:00,5.0528998374938965,5.070000171661377,5.039999961853027,5.042900085449219,5.042900085449219,5177208
2020-08-03 15:30:00-04:00,5.045000076293945,5.059999942779541,5.03000020980835,5.059999942779541,5.059999942779541,4779154
2020-08-04 09:30:00-04:00,5.039999961853027,5.099999904632568,5.010000228881836,5.070000171661377,5.070000171661377,12068260
2020-08-04 10:30:00-04:00,5.074999809265137,5.139999866485596,5.070000171661377,5.125,5.125,7361369
2020-08-04 11:30:00-04:00,5.125,5.139999866485596,5.099999904632568,5.127099990844727,5.127099990844727,4551975
2020-08-04 12:30:00-04:00,5.119999885559082,5.130000114440918,5.110000133514404,5.1128997802734375,5.1128997802734375,2398048
2020-08-04 13:30:00-04:00,5.114999771118164,5.119999885559082,5.070000171661377,5.074999809265137,5.074999809265137,3553977
2020-08-04 14:30:00-04:00,5.074999809265137,5.110000133514404,5.0329999923706055,5.082600116729736,5.082600116729736,7727181
2020-08-04 15:30:00-04:00,5.090000152587891,5.099999904632568,5.070000171661377,5.099999904632568,5.099999904632568,4435203
2020-08-05 09:30:00-04:00,5.070000171661377,5.099999904632568,5.050000190734863,5.097499847412109,5.097499847412109,6958658
2020-08-05 10:30:00-04:00,5.09499979019165,5.099999904632568,5.059999942779541,5.083000183105469,5.083000183105469,5959748
2020-08-05 11:30:00-04:00,5.085000038146973,5.099999904632568,5.050000190734863,5.050000190734863,5.050000190734863,2953053
2020-08-05 12:30:00-04:00,5.054999828338623,5.070000171661377,5.019999980926514,5.0345001220703125,5.0345001220703125,4042860
2020-08-05 13:30:00-04:00,5.034999847412109,5.050000190734863,5.03000020980835,5.034999847412109,5.034999847412109,2586354
2020-08-05 14:30:00-04:00,5.034999847412109,5.039999961853027,5.010000228881836,5.03000020980835,5.03000020980835,3387538
2020-08-05 15:30:00-04:00,5.034999847412109,5.039999961853027,4.989999771118164,4.994999885559082,4.994999885559082,9882242
2020-08-06 09:30:00-04:00,4.96999979019165,5.010000228881836,4.96999979019165,4.985000133514404,4.985000133514404,6625082
2020-08-06 10:30:00-04:00,4.98330020904541,4.989999771118164,4.949999809265137,4.980000019073486,4.980000019073486,7487647
2020-08-06 11:30:00-04:00,4.980000019073486,4.989999771118164,4.960000038146973,4.960000038146973,4.960000038146973,3487567
2020-08-06 12:30:00-04:00,4.965000152587891,4.980000019073486,4.949999809265137,4.96999979019165,4.96999979019165,3015902
2020-08-06 13:30:00-04:00,4.96999979019165,4.989999771118164,4.960000038146973,4.980100154876709,4.980100154876709,2857001
2020-08-06 14:30:00-04:00,4.987199783325195,5.0,4.980000019073486,4.994999885559082,4.994999885559082,2775232
2020-08-06 15:30:00-04:00,4.994999885559082,5.0,4.980000019073486,4.994999885559082,4.994999885559082,2725729
2020-08-07 09:30:00-04:00,4.949999809265137,4.980000019073486,4.929999828338623,4.957399845123291,4.957399845123291,5245305
2020-08-07 10:30:00-04:00,4.960000038146973,4.989999771118164,4.953000068664551,4.980000019073486,4.980000019073486,3958263
2020-08-07 11:30:00-04:00,4.974999904632568,4.980000019073486,4.960000038146973,4.962600231170654,4.962600231170654,1631294
2020-08-07 12:30:00-04:00,4.965000152587891,4.96999979019165,4.929999828338623,4.933300018310547,4.933300018310547,1899843
2020-08-07 13:30:00-04:00,4.934999942779541,4.960000038146973,4.929999828338623,4.940000057220459,4.940000057220459,2463574
2020-08-07 14:30:00-04:00,4.940000057220459,4.96999979019165,4.929999828338623,4.95989990234375,4.95989990234375,2955390
2020-08-07 15:30:00-04:00,4.954999923706055,4.980000019073486,4.949999809265137,4.980000019073486,4.980000019073486,2767489
2020-08-10 09:30:00-04:00,4.960000038146973,4.96999979019165,4.900000095367432,4.910099983215332,4.910099983215332,6442834
2020-08-10 10:30:00-04:00,4.909999847412109,4.920000076293945,4.880000114440918,4.920000076293945,4.920000076293945,5147754
2020-08-10 11:30:00-04:00,4.914999961853027,4.940000057220459,4.909999847412109,4.914999961853027,4.914999961853027,2470977
2020-08-10 12:30:00-04:00,4.909999847412109,4.929999828338623,4.900000095367432,4.920000076293945,4.920000076293945,1712056
2020-08-10 13:30:00-04:00,4.922599792480469,4.929999828338623,4.900000095367432,4.920000076293945,4.920000076293945,1746181
2020-08-10 14:30:00-04:00,4.912600040435791,4.929999828338623,4.900000095367432,4.914999961853027,4.914999961853027,1872725
2020-08-10 15:30:00-04:00,4.916900157928467,4.920000076293945,4.900000095367432,4.909999847412109,4.909999847412109,1543140
2020-08-11 09:30:00-04:00,4.949999809265137,4.980000019073486,4.920000076293945,4.940000057220459,4.940000057220459,7647586
2020-08-11 10:30:00-04:00,4.945000171661377,5.019999980926514,4.942699909210205,4.994999885559082,4.994999885559082,13834539
2020-08-11 11:30:00-04:00,5.0,5.019999980926514,4.989999771118164,5.0,5.0,3431438
2020-08-11 12:30:00-04:00,5.0,5.050000190734863,5.0,5.034999847412109,5.034999847412109,4005054
2020-08-11 13:30:00-04:00,5.037399768829346,5.050000190734863,5.03000020980835,5.034999847412109,5.034999847412109,2615700
2020-08-11 14:30:00-04:00,5.03000020980835,5.039999961853027,4.96999979019165,4.985000133514404,4.985000133514404,4602740
2020-08-11 15:30:00-04:00,4.989999771118164,4.989999771118164,4.960000038146973,4.965000152587891,4.965000152587891,3601202
2020-08-12 09:30:00-04:00,5.059999942779541,5.059999942779541,5.010000228881836,5.055799961090088,5.055799961090088,6295136
2020-08-12 10:30:00-04:00,5.059999942779541,5.079999923706055,5.039999961853027,5.046999931335449,5.046999931335449,4338527
2020-08-12 11:30:00-04:00,5.045000076293945,5.070000171661377,5.039999961853027,5.070000171661377,5.070000171661377,1719440
2020-08-12 12:30:00-04:00,5.065199851989746,5.070000171661377,5.050000190734863,5.052999973297119,5.052999973297119,1866643
2020-08-12 13:30:00-04:00,5.059899806976318,5.070000171661377,5.050000190734863,5.059999942779541,5.059999942779541,1897631
2020-08-12 14:30:00-04:00,5.067399978637695,5.070000171661377,5.059999942779541,5.065000057220459,5.065000057220459,1716666
2020-08-12 15:30:00-04:00,5.060100078582764,5.070000171661377,5.039999961853027,5.050000190734863,5.050000190734863,3436315
2020-08-13 09:30:00-04:00,5.03000020980835,5.059999942779541,5.0,5.050000190734863,5.050000190734863,4738494
2020-08-13 10:30:00-04:00,5.059999942779541,5.059999942779541,5.03000020980835,5.059999942779541,5.059999942779541,3085159
2020-08-13 11:30:00-04:00,5.050899982452393,5.059999942779541,5.050000190734863,5.059999942779541,5.059999942779541,2309892
2020-08-13 12:30:00-04:00,5.0578999519348145,5.079999923706055,5.039999961853027,5.045000076293945,5.045000076293945,3405067
2020-08-13 13:30:00-04:00,5.04010009765625,5.070000171661377,5.03000020980835,5.048299789428711,5.048299789428711,2804448
2020-08-13 14:30:00-04:00,5.045000076293945,5.057499885559082,5.03000020980835,5.050000190734863,5.050000190734863,3098310
2020-08-13 15:30:00-04:00,5.050000190734863,5.059999942779541,5.039999961853027,5.059999942779541,5.059999942779541,2310237
2020-08-14 09:30:00-04:00,5.010000228881836,5.019999980926514,4.96999979019165,4.973299980163574,4.973299980163574,4532684
2020-08-14 10:30:00-04:00,4.96999979019165,5.010000228881836,4.96999979019165,5.005000114440918,5.005000114440918,3145322
2020-08-14 11:30:00-04:00,5.002699851989746,5.010000228881836,4.980000019073486,4.994999885559082,4.994999885559082,1714258
2020-08-14 12:30:00-04:00,4.994200229644775,5.010000228881836,4.980000019073486,4.985000133514404,4.985000133514404,2094023
2020-08-14 13:30:00-04:00,4.985000133514404,4.989999771118164,4.980000019073486,4.989999771118164,4.989999771118164,1228005
2020-08-14 14:30:00-04:00,4.985000133514404,4.989999771118164,4.96999979019165,4.985000133514404,4.985000133514404,2534401
2020-08-14 15:30:00-04:00,4.985000133514404,5.0,4.96999979019165,4.989999771118164,4.989999771118164,3430015
2020-08-17 09:30:00-04:00,5.039999961853027,5.059999942779541,5.010000228881836,5.039999961853027,5.039999961853027,9008879
2020-08-17 10:30:00-04:00,5.039999961853027,5.090000152587891,5.039999961853027,5.079999923706055,5.079999923706055,4759121
2020-08-17 11:30:00-04:00,5.074999809265137,5.079999923706055,5.050000190734863,5.070000171661377,5.070000171661377,2281845
2020-08-17 12:30:00-04:00,5.065000057220459,5.070000171661377,5.059999942779541,5.06279993057251,5.06279993057251,1229437
2020-08-17 13:30:00-04:00,5.065000057220459,5.070000171661377,5.039999961853027,5.052999973297119,5.052999973297119,2540167
2020-08-17 14:30:00-04:00,5.054999828338623,5.070000171661377,5.050000190734863,5.067500114440918,5.067500114440918,1839934
2020-08-17 15:30:00-04:00,5.070000171661377,5.070000171661377,5.059999942779541,5.070000171661377,5.070000171661377,2121646
2020-08-18 09:30:00-04:00,5.130000114440918,5.139999866485596,5.039999961853027,5.039999961853027,5.039999961853027,5716519
2020-08-18 10:30:00-04:00,5.047500133514404,5.070000171661377,5.03000020980835,5.070000171661377,5.070000171661377,3989943
2020-08-18 11:30:00-04:00,5.070000171661377,5.079999923706055,5.039999961853027,5.039999961853027,5.039999961853027,1805456
2020-08-18 12:30:00-04:00,5.039999961853027,5.070000171661377,5.039999961853027,5.065000057220459,5.065000057220459,1050126
2020-08-18 13:30:00-04:00,5.065999984741211,5.070000171661377,5.059999942779541,5.065000057220459,5.065000057220459,1040557
2020-08-18 14:30:00-04:00,5.065000057220459,5.079999923706055,5.059999942779541,5.070000171661377,5.070000171661377,1547679
2020-08-18 15:30:00-04:00,5.070000171661377,5.090000152587891,5.059999942779541,5.090000152587891,5.090000152587891,2881709
2020-08-19 09:30:00-04:00,5.099999904632568,5.110000133514404,5.070000171661377,5.085000038146973,5.085000038146973,3947442
2020-08-19 10:30:00-04:00,5.083000183105469,5.099999904632568,5.050000190734863,5.059999942779541,5.059999942779541,2806649
2020-08-19 11:30:00-04:00,5.059999942779541,5.070000171661377,5.050000190734863,5.070000171661377,5.070000171661377,1846573
2020-08-19 12:30:00-04:00,5.065000057220459,5.070000171661377,5.059999942779541,5.070000171661377,5.070000171661377,1121292
2020-08-19 13:30:00-04:00,5.065000057220459,5.079999923706055,5.014999866485596,5.025000095367432,5.025000095367432,4632976
2020-08-19 14:30:00-04:00,5.025000095367432,5.050000190734863,5.019999980926514,5.039999961853027,5.039999961853027,2744222
2020-08-19 15:30:00-04:00,5.039999961853027,5.050000190734863,5.019999980926514,5.03000020980835,5.03000020980835,2913012
2020-08-20 09:30:00-04:00,4.989999771118164,5.050000190734863,4.989999771118164,5.03249979019165,5.03249979019165,4537773
2020-08-20 10:30:00-04:00,5.031000137329102,5.039999961853027,5.010000228881836,5.039999961853027,5.039999961853027,2839904
2020-08-20 11:30:00-04:00,5.039999961853027,5.059999942779541,5.03000020980835,5.039999961853027,5.039999961853027,1966358
2020-08-20 12:30:00-04:00,5.045000076293945,5.050000190734863,5.019999980926514,5.019999980926514,5.019999980926514,952993
2020-08-20 13:30:00-04:00,5.025000095367432,5.039999961853027,5.019999980926514,5.03000020980835,5.03000020980835,1232693
2020-08-20 14:30:00-04:00,5.039999961853027,5.059999942779541,5.03000020980835,5.045000076293945,5.045000076293945,1493699
2020-08-20 15:30:00-04:00,5.045000076293945,5.050000190734863,5.039999961853027,5.050000190734863,5.050000190734863,2045295
2020-08-21 09:30:00-04:00,4.940000057220459,4.989999771118164,4.940000057220459,4.974999904632568,4.974999904632568,5653387
2020-08-21 10:30:00-04:00,4.977499961853027,5.0,4.960000038146973,4.985000133514404,4.985000133514404,3061207
2020-08-21 11:30:00-04:00,4.985000133514404,5.0,4.980000019073486,4.989999771118164,4.989999771118164,990041
2020-08-21 12:30:00-04:00,4.994999885559082,5.0,4.96999979019165,4.96999979019165,4.96999979019165,1254849
2020-08-21 13:30:00-04:00,4.972899913787842,4.989999771118164,4.96999979019165,4.985000133514404,4.985000133514404,1055357
2020-08-21 14:30:00-04:00,4.986445903778076,4.989999771118164,4.980000019073486,4.985000133514404,4.985000133514404,1037689
2020-08-21 15:30:00-04:00,4.980100154876709,4.989999771118164,4.96999979019165,4.980000019073486,4.980000019073486,1696403
2020-08-24 09:30:00-04:00,5.054999828338623,5.054999828338623,5.010000228881836,5.025000095367432,5.025000095367432,4385870
2020-08-24 10:30:00-04:00,5.027400016784668,5.039999961853027,5.010000228881836,5.03000020980835,5.03000020980835,2135435
2020-08-24 11:30:00-04:00,5.03000020980835,5.039999961853027,5.019999980926514,5.019999980926514,5.019999980926514,789040
2020-08-24 12:30:00-04:00,5.019999980926514,5.025000095367432,5.0,5.014999866485596,5.014999866485596,1543059
2020-08-24 13:30:00-04:00,5.014999866485596,5.019999980926514,5.010000228881836,5.010000228881836,5.010000228881836,773033
2020-08-24 14:30:00-04:00,5.017499923706055,5.019999980926514,5.010000228881836,5.014999866485596,5.014999866485596,1174496
2020-08-24 15:30:00-04:00,5.017499923706055,5.03000020980835,5.014999866485596,5.025000095367432,5.025000095367432,1607903
2020-08-25 09:30:00-04:00,5.059999942779541,5.074999809265137,5.010000228881836,5.025000095367432,5.025000095367432,4840802
2020-08-25 10:30:00-04:00,5.025000095367432,5.039999961853027,5.010000228881836,5.014999866485596,5.014999866485596,3017999
2020-08-25 11:30:00-04:00,5.019999980926514,5.019999980926514,5.0,5.005000114440918,5.005000114440918,1304652
2020-08-25 12:30:00-04:00,5.005000114440918,5.03000020980835,5.0,5.022900104522705,5.022900104522705,2133971
2020-08-25 13:30:00-04:00,5.025000095367432,5.03000020980835,5.019999980926514,5.019999980926514,5.019999980926514,758281
2020-08-25 14:30:00-04:00,5.019999980926514,5.039999961853027,5.019999980926514,5.034999847412109,5.034999847412109,674563
2020-08-25 15:30:00-04:00,5.039999961853027,5.039999961853027,5.03000020980835,5.034999847412109,5.034999847412109,672943
2020-08-26 09:30:00-04:00,5.050000190734863,5.059999942779541,5.019999980926514,5.054999828338623,5.054999828338623,4915101
2020-08-26 10:30:00-04:00,5.057499885559082,5.059999942779541,5.039999961853027,5.045000076293945,5.045000076293945,2325678
2020-08-26 11:30:00-04:00,5.050000190734863,5.070000171661377,5.039999961853027,5.067399978637695,5.067399978637695,2821642
2020-08-26 12:30:00-04:00,5.067500114440918,5.070000171661377,5.050000190734863,5.054999828338623,5.054999828338623,1397446
2020-08-26 13:30:00-04:00,5.057000160217285,5.059999942779541,5.039999961853027,5.059999942779541,5.059999942779541,1336888
2020-08-26 14:30:00-04:00,5.054999828338623,5.059999942779541,5.03000020980835,5.045000076293945,5.045000076293945,3034097
2020-08-26 15:30:00-04:00,5.050000190734863,5.059999942779541,5.039999961853027,5.050000190734863,5.050000190734863,3163108
2020-08-27 09:30:00-04:00,5.019999980926514,5.025000095367432,4.960000038146973,5.014999866485596,5.014999866485596,9875085
2020-08-27 10:30:00-04:00,5.014999866485596,5.03000020980835,5.010000228881836,5.03000020980835,5.03000020980835,3611542
2020-08-27 11:30:00-04:00,5.03000020980835,5.050000190734863,5.019999980926514,5.025000095367432,5.025000095367432,2416237
2020-08-27 12:30:00-04:00,5.025000095367432,5.03000020980835,5.0,5.025000095367432,5.025000095367432,1924860
2020-08-27 13:30:00-04:00,5.03000020980835,5.050000190734863,5.019999980926514,5.034999847412109,5.034999847412109,3547993
2020-08-27 14:30:00-04:00,5.032599925994873,5.039999961853027,5.019999980926514,5.03000020980835,5.03000020980835,1617264
2020-08-27 15:30:00-04:00,5.033899784088135,5.039999961853027,5.010000228881836,5.010000228881836,5.010000228881836,2219939
2020-08-28 09:30:00-04:00,4.989999771118164,5.019999980926514,4.980000019073486,4.994999885559082,4.994999885559082,4808511
2020-08-28 10:30:00-04:00,5.0,5.0,4.980000019073486,4.985000133514404,4.985000133514404,3544355
2020-08-28 11:30:00-04:00,4.984799861907959,4.989999771118164,4.980000019073486,4.980000019073486,4.980000019073486,695992
2020-08-28 12:30:00-04:00,4.980000019073486,4.989999771118164,4.929999828338623,4.949999809265137,4.949999809265137,6104986
2020-08-28 13:30:00-04:00,4.949999809265137,4.960000038146973,4.929999828338623,4.954999923706055,4.954999923706055,2250484
2020-08-28 14:30:00-04:00,4.954999923706055,4.96999979019165,4.949999809265137,4.965000152587891,4.965000152587891,1126677
2020-08-28 15:30:00-04:00,4.965000152587891,4.980000019073486,4.960000038146973,4.974999904632568,4.974999904632568,2021477
2020-08-31 09:30:00-04:00,4.940000057220459,4.940000057220459,4.900000095367432,4.90500020980835,4.90500020980835,4121092
2020-08-31 10:30:00-04:00,4.909999847412109,4.920000076293945,4.860000133514404,4.881499767303467,4.881499767303467,4300876
2020-08-31 11:30:00-04:00,4.880000114440918,4.909999847412109,4.869999885559082,4.894999980926514,4.894999980926514,2173099
2020-08-31 12:30:00-04:00,4.894999980926514,4.900000095367432,4.880000114440918,4.885000228881836,4.885000228881836,2026594
2020-08-31 13:30:00-04:00,4.885000228881836,4.900000095367432,4.869999885559082,4.889999866485596,4.889999866485596,2221920
2020-08-31 14:30:00-04:00,4.894999980926514,4.900000095367432,4.869999885559082,4.875,4.875,3632884
2020-08-31 15:30:00-04:00,4.877500057220459,4.909999847412109,4.869999885559082,4.909999847412109,4.909999847412109,3577162
2020-09-01 09:30:00-04:00,4.849999904632568,4.849999904632568,4.800000190734863,4.822700023651123,4.822700023651123,8869654
2020-09-01 10:30:00-04:00,4.820000171661377,4.829999923706055,4.739999771118164,4.78000020980835,4.78000020980835,12696947
2020-09-01 11:30:00-04:00,4.7729997634887695,4.78000020980835,4.760000228881836,4.764999866485596,4.764999866485596,4356095
2020-09-01 12:30:00-04:00,4.764999866485596,4.769999980926514,4.739999771118164,4.75,4.75,2070535
2020-09-01 13:30:00-04:00,4.744999885559082,4.75,4.710000038146973,4.710000038146973,4.710000038146973,3975021
2020-09-01 14:30:00-04:00,4.715000152587891,4.730000019073486,4.679999828338623,4.695000171661377,4.695000171661377,9912251
2020-09-01 15:30:00-04:00,4.695000171661377,4.730000019073486,4.679999828338623,4.720099925994873,4.720099925994873,6831952
2020-09-02 09:30:00-04:00,4.75,4.78000020980835,4.699999809265137,4.735899925231934,4.735899925231934,11423481
2020-09-02 10:30:00-04:00,4.739999771118164,4.739999771118164,4.710000038146973,4.732900142669678,4.732900142669678,5124045
2020-09-02 11:30:00-04:00,4.735000133514404,4.769999980926514,4.71999979019165,4.764999866485596,4.764999866485596,3324696
2020-09-02 12:30:00-04:00,4.762899875640869,4.789999961853027,4.760000228881836,4.769999980926514,4.769999980926514,2147148
2020-09-02 13:30:00-04:00,4.764999866485596,4.78000020980835,4.75,4.769999980926514,4.769999980926514,2156896
2020-09-02 14:30:00-04:00,4.78000020980835,4.809999942779541,4.769999980926514,4.804999828338623,4.804999828338623,3560139
2020-09-02 15:30:00-04:00,4.804999828338623,4.820000171661377,4.78000020980835,4.78000020980835,4.78000020980835,3756276
2020-09-03 09:30:00-04:00,4.710000038146973,4.710000038146973,4.550000190734863,4.554999828338623,4.554999828338623,16485740
2020-09-03 10:30:00-04:00,4.554999828338623,4.579999923706055,4.46999979019165,4.514999866485596,4.514999866485596,14788891
2020-09-03 11:30:00-04:00,4.512599945068359,4.619999885559082,4.510000228881836,4.550000190734863,4.550000190734863,9628097
2020-09-03 12:30:00-04:00,4.552299976348877,4.579999923706055,4.519999980926514,4.570000171661377,4.570000171661377,6201160
2020-09-03 13:30:00-04:00,4.559999942779541,4.570000171661377,4.53000020980835,4.545000076293945,4.545000076293945,5397938
2020-09-03 14:30:00-04:00,4.545000076293945,4.559999942779541,4.5,4.505000114440918,4.505000114440918,4713264
2020-09-03 15:30:00-04:00,4.505000114440918,4.539999961853027,4.5,4.53000020980835,4.53000020980835,5329697
2020-09-04 09:30:00-04:00,4.519999980926514,4.539999961853027,4.400000095367432,4.40500020980835,4.40500020980835,14220495
2020-09-04 10:30:00-04:00,4.402599811553955,4.440000057220459,4.360000133514404,4.434999942779541,4.434999942779541,12990133
2020-09-04 11:30:00-04:00,4.440000057220459,4.489999771118164,4.440000057220459,4.487500190734863,4.487500190734863,4792776
2020-09-04 12:30:00-04:00,4.489999771118164,4.510000228881836,4.449999809265137,4.454999923706055,4.454999923706055,2563265
2020-09-04 13:30:00-04:00,4.449999809265137,4.480000019073486,4.440000057220459,4.46999979019165,4.46999979019165,2781562
2020-09-04 14:30:00-04:00,4.474999904632568,4.53000020980835,4.46999979019165,4.519999980926514,4.519999980926514,3836031
2020-09-04 15:30:00-04:00,4.519999980926514,4.53000020980835,4.46999979019165,4.46999979019165,4.46999979019165,4131546
2020-09-08 09:30:00-04:00,4.195000171661377,4.25,4.159999847412109,4.236999988555908,4.236999988555908,16115917
2020-09-08 10:30:00-04:00,4.235000133514404,4.235000133514404,4.159999847412109,4.184999942779541,4.184999942779541,16573336
2020-09-08 11:30:00-04:00,4.184999942779541,4.190000057220459,4.150000095367432,4.179999828338623,4.179999828338623,8389313
2020-09-08 12:30:00-04:00,4.175000190734863,4.179999828338623,4.159999847412109,4.164999961853027,4.164999961853027,3660824
2020-09-08 13:30:00-04:00,4.164999961853027,4.170000076293945,4.130000114440918,4.135000228881836,4.135000228881836,6508584
2020-09-08 14:30:00-04:00,4.136600017547607,4.139999866485596,4.099999904632568,4.135000228881836,4.135000228881836,8211445
2020-09-08 15:30:00-04:00,4.135000228881836,4.139999866485596,4.099999904632568,4.099999904632568,4.099999904632568,6822740
2020-09-09 09:30:00-04:00,4.190000057220459,4.190000057220459,4.130000114440918,4.179999828338623,4.179999828338623,13188467
2020-09-09 10:30:00-04:00,4.175000190734863,4.210000038146973,4.159999847412109,4.199999809265137,4.199999809265137,5481034
2020-09-09 11:30:00-04:00,4.204999923706055,4.21999979019165,4.190000057220459,4.199999809265137,4.199999809265137,3325606
2020-09-09 12:30:00-04:00,4.199999809265137,4.210000038146973,4.190000057220459,4.195000171661377,4.195000171661377,3974632
2020-09-09 13:30:00-04:00,4.195000171661377,4.199999809265137,4.159999847412109,4.159999847412109,4.159999847412109,5603200
2020-09-09 14:30:00-04:00,4.160900115966797,4.190000057220459,4.159999847412109,4.184999942779541,4.184999942779541,5949462
2020-09-09 15:30:00-04:00,4.184999942779541,4.190000057220459,4.130000114440918,4.135000228881836,4.135000228881836,9134995
2020-09-10 09:30:00-04:00,4.190000057220459,4.190000057220459,4.150000095367432,4.155799865722656,4.155799865722656,8312329
2020-09-10 10:30:00-04:00,4.15500020980835,4.170000076293945,4.110000133514404,4.150000095367432,4.150000095367432,8277524
2020-09-10 11:30:00-04:00,4.150000095367432,4.150000095367432,4.119999885559082,4.125,4.125,3411306
2020-09-10 12:30:00-04:00,4.125,4.150000095367432,4.110000133514404,4.130000114440918,4.130000114440918,3361092
2020-09-10 13:30:00-04:00,4.130000114440918,4.139999866485596,4.079999923706055,4.086699962615967,4.086699962615967,3734075
2020-09-10 14:30:00-04:00,4.085000038146973,4.119999885559082,4.079999923706055,4.099999904632568,4.099999904632568,3988021
2020-09-10 15:30:00-04:00,4.099999904632568,4.119999885559082,4.090000152587891,4.099999904632568,4.099999904632568,3580264
2020-09-11 09:30:00-04:00,4.130000114440918,4.150000095367432,4.099999904632568,4.125,4.125,6304288
2020-09-11 10:30:00-04:00,4.125,4.150000095367432,4.099999904632568,4.125,4.125,3997031
2020-09-11 11:30:00-04:00,4.125,4.130000114440918,4.099999904632568,4.117000102996826,4.117000102996826,2102708
2020-09-11 12:30:00-04:00,4.119999885559082,4.119999885559082,4.070000171661377,4.0894999504089355,4.0894999504089355,3085493
2020-09-11 13:30:00-04:00,4.086400032043457,4.110000133514404,4.059999942779541,4.085000038146973,4.085000038146973,4282203
2020-09-11 14:30:00-04:00,4.085000038146973,4.110000133514404,4.079999923706055,4.110000133514404,4.110000133514404,3046553
2020-09-11 15:30:00-04:00,4.105000019073486,4.119999885559082,4.090000152587891,4.099999904632568,4.099999904632568,4166574
2020-09-14 09:30:00-04:00,4.139999866485596,4.150000095367432,4.110000133514404,4.119999885559082,4.119999885559082,5453840
2020-09-14 10:30:00-04:00,4.119999885559082,4.119999885559082,4.090000152587891,4.11929988861084,4.11929988861084,5039972
2020-09-14 11:30:00-04:00,4.110000133514404,4.119999885559082,4.099999904632568,4.110000133514404,4.110000133514404,903805
2020-09-14 12:30:00-04:00,4.109000205993652,4.110000133514404,4.079999923706055,4.090000152587891,4.090000152587891,1635282
2020-09-14 13:30:00-04:00,4.08519983291626,4.099999904632568,4.070000171661377,4.09499979019165,4.09499979019165,2780951
2020-09-14 14:30:00-04:00,4.092899799346924,4.099999904632568,4.079999923706055,4.09499979019165,4.09499979019165,2171104
2020-09-14 15:30:00-04:00,4.09499979019165,4.099999904632568,4.079999923706055,4.090000152587891,4.090000152587891,3026352
2020-09-15 09:30:00-04:00,4.199999809265137,4.199999809265137,4.139999866485596,4.15500020980835,4.15500020980835,6438450
2020-09-15 10:30:00-04:00,4.150000095367432,4.170000076293945,4.150000095367432,4.155700206756592,4.155700206756592,3768381
2020-09-15 11:30:00-04:00,4.15500020980835,4.170000076293945,4.150000095367432,4.164999961853027,4.164999961853027,3028343
2020-09-15 12:30:00-04:00,4.164999961853027,4.179999828338623,4.159999847412109,4.170000076293945,4.170000076293945,1984948
2020-09-15 13:30:00-04:00,4.170000076293945,4.179999828338623,4.150000095367432,4.161099910736084,4.161099910736084,2100415
2020-09-15 14:30:00-04:00,4.159999847412109,4.170000076293945,4.150000095367432,4.159999847412109,4.159999847412109,1921491
2020-09-15 15:30:00-04:00,4.159999847412109,4.170000076293945,4.130000114440918,4.159999847412109,4.159999847412109,4068879
2020-09-16 09:30:00-04:00,4.179999828338623,4.179999828338623,4.130000114440918,4.135000228881836,4.135000228881836,6488292
2020-09-16 10:30:00-04:00,4.134200096130371,4.159999847412109,4.119999885559082,4.159999847412109,4.159999847412109,4922977
2020-09-16 11:30:00-04:00,4.15500020980835,4.159999847412109,4.139999866485596,4.159999847412109,4.159999847412109,2264455
2020-09-16 12:30:00-04:00,4.159999847412109,4.159999847412109,4.130199909210205,4.135000228881836,4.135000228881836,3391166
2020-09-16 13:30:00-04:00,4.135000228881836,4.170000076293945,4.130000114440918,4.15500020980835,4.15500020980835,4666050
2020-09-16 14:30:00-04:00,4.150000095367432,4.170000076293945,4.119999885559082,4.130000114440918,4.130000114440918,5476588
2020-09-16 15:30:00-04:00,4.130000114440918,4.139999866485596,4.110000133514404,4.130000114440918,4.130000114440918,3259677
2020-09-17 09:30:00-04:00,4.079999923706055,4.130000114440918,4.070000171661377,4.110000133514404,4.110000133514404,10567354
2020-09-17 10:30:00-04:00,4.110000133514404,4.130000114440918,4.099999904632568,4.125,4.125,4701811
2020-09-17 11:30:00-04:00,4.125,4.139999866485596,4.079999923706055,4.090000152587891,4.090000152587891,2855545
2020-09-17 12:30:00-04:00,4.090000152587891,4.110000133514404,4.090000152587891,4.105000019073486,4.105000019073486,2025191
2020-09-17 13:30:00-04:00,4.105000019073486,4.130000114440918,4.104400157928467,4.114999771118164,4.114999771118164,3033428
2020-09-17 14:30:00-04:00,4.114999771118164,4.139999866485596,4.110000133514404,4.119999885559082,4.119999885559082,2821167
2020-09-17 15:30:00-04:00,4.119999885559082,4.150000095367432,4.119999885559082,4.139900207519531,4.139900207519531,2068710
2020-09-18 09:30:00-04:00,4.099999904632568,4.119999885559082,4.090000152587891,4.106599807739258,4.106599807739258,5499241
2020-09-18 10:30:00-04:00,4.109899997711182,4.144999980926514,4.079999923706055,4.119999885559082,4.119999885559082,3657264
2020-09-18 11:30:00-04:00,4.119999885559082,4.125,4.090000152587891,4.09499979019165,4.09499979019165,2792645
2020-09-18 12:30:00-04:00,4.09499979019165,4.098800182342529,4.059999942779541,4.059999942779541,4.059999942779541,2510424
2020-09-18 13:30:00-04:00,4.065000057220459,4.090000152587891,4.039999961853027,4.079999923706055,4.079999923706055,2292343
2020-09-18 14:30:00-04:00,4.074999809265137,4.099999904632568,4.070000171661377,4.09499979019165,4.09499979019165,1267732
2020-09-18 15:30:00-04:00,4.09499979019165,4.099999904632568,4.079999923706055,4.085000038146973,4.085000038146973,1892258
2020-09-21 09:30:00-04:00,3.950000047683716,3.9700000286102295,3.9000000953674316,3.9000000953674316,3.9000000953674316,10785329
2020-09-21 10:30:00-04:00,3.9000000953674316,3.9200000762939453,3.880000114440918,3.9049999713897705,3.9049999713897705,5699073
2020-09-21 11:30:00-04:00,3.9100000858306885,3.9700000286102295,3.9000000953674316,3.950000047683716,3.950000047683716,3448524
2020-09-21 12:30:00-04:00,3.950000047683716,3.9600000381469727,3.9100000858306885,3.940000057220459,3.940000057220459,1927706
2020-09-21 13:30:00-04:00,3.934999942779541,3.950000047683716,3.9200000762939453,3.947700023651123,3.947700023651123,1585558
2020-09-21 14:30:00-04:00,3.9498000144958496,3.9600000381469727,3.9200000762939453,3.950000047683716,3.950000047683716,3010817
2020-09-21 15:30:00-04:00,3.950000047683716,3.9600000381469727,3.940000057220459,3.950000047683716,3.950000047683716,2077387
2020-09-22 09:30:00-04:00,3.9600000381469727,3.9700000286102295,3.9200000762939453,3.944000005722046,3.944000005722046,3024909
2020-09-22 10:30:00-04:00,3.950000047683716,3.950000047683716,3.9100000858306885,3.9200000762939453,3.9200000762939453,2160984
2020-09-22 11:30:00-04:00,3.9200000762939453,3.930000066757202,3.9000000953674316,3.921299934387207,3.921299934387207,1885877
2020-09-22 12:30:00-04:00,3.924999952316284,3.9600000381469727,3.9200000762939453,3.950000047683716,3.950000047683716,2031298
2020-09-22 13:30:00-04:00,3.950000047683716,3.9800000190734863,3.950000047683716,3.9700000286102295,3.9700000286102295,1461521
2020-09-22 14:30:00-04:00,3.9749999046325684,3.990000009536743,3.9700000286102295,3.984999895095825,3.984999895095825,1638358
2020-09-22 15:30:00-04:00,3.984999895095825,3.990000009536743,3.9700000286102295,3.9800000190734863,3.9800000190734863,2626628
2020-09-23 09:30:00-04:00,3.9700000286102295,3.9800000190734863,3.950000047683716,3.9700000286102295,3.9700000286102295,4551622
2020-09-23 10:30:00-04:00,3.968600034713745,3.9700000286102295,3.940000057220459,3.940000057220459,3.940000057220459,2474349
2020-09-23 11:30:00-04:00,3.946000099182129,3.950000047683716,3.9200000762939453,3.930000066757202,3.930000066757202,1835441
2020-09-23 12:30:00-04:00,3.930000066757202,3.950000047683716,3.9251999855041504,3.940000057220459,3.940000057220459,1427353
2020-09-23 13:30:00-04:00,3.934999942779541,3.940000057220459,3.9000000953674316,3.9049999713897705,3.9049999713897705,1915127
2020-09-23 14:30:00-04:00,3.9049999713897705,3.9100000858306885,3.869999885559082,3.884999990463257,3.884999990463257,3609968
2020-09-23 15:30:00-04:00,3.8889999389648438,3.9000000953674316,3.869999885559082,3.880000114440918,3.880000114440918,3189138
2020-09-24 09:30:00-04:00,3.8499999046325684,3.880000114440918,3.809999942779541,3.8299999237060547,3.8299999237060547,5918541
2020-09-24 10:30:00-04:00,3.8299999237060547,3.8499999046325684,3.809999942779541,3.8417000770568848,3.8417000770568848,2945565
2020-09-24 11:30:00-04:00,3.8413000106811523,3.8499999046325684,3.8299999237060547,3.8399999141693115,3.8399999141693115,1792747
2020-09-24 12:30:00-04:00,3.8399999141693115,3.859999895095825,3.825000047683716,3.8499999046325684,3.8499999046325684,1549262
2020-09-24 13:30:00-04:00,3.8550000190734863,3.869999885559082,3.8399999141693115,3.8450000286102295,3.8450000286102295,2183791
2020-09-24 14:30:00-04:00,3.8450000286102295,3.8499999046325684,3.819999933242798,3.819999933242798,3.819999933242798,2034144
2020-09-24 15:30:00-04:00,3.819999933242798,3.8450000286102295,3.819999933242798,3.8399999141693115,3.8399999141693115,2414008
2020-09-25 09:30:00-04:00,3.7750000953674316,3.7899999618530273,3.7200000286102295,3.7516000270843506,3.7516000270843506,9258504
2020-09-25 10:30:00-04:00,3.759999990463257,3.759999990463257,3.7300000190734863,3.75,3.75,5842507
2020-09-25 11:30:00-04:00,3.75,3.7899999618530273,3.740000009536743,3.75,3.75,3759518
2020-09-25 12:30:00-04:00,3.755000114440918,3.7699999809265137,3.75,3.7699999809265137,3.7699999809265137,2955407
2020-09-25 13:30:00-04:00,3.7699999809265137,3.7799999713897705,3.75,3.765000104904175,3.765000104904175,4518738
2020-09-25 14:30:00-04:00,3.7699999809265137,3.7899999618530273,3.759999990463257,3.7799999713897705,3.7799999713897705,2879254
2020-09-25 15:30:00-04:00,3.7799999713897705,3.7899999618530273,3.7699999809265137,3.7799999713897705,3.7799999713897705,3039587
2020-09-28 09:30:00-04:00,3.8499999046325684,3.880000114440918,3.8299999237060547,3.859999895095825,3.859999895095825,8462593
2020-09-28 10:30:00-04:00,3.865000009536743,3.869999885559082,3.8399999141693115,3.859999895095825,3.859999895095825,3728488
2020-09-28 11:30:00-04:00,3.8550000190734863,3.9000000953674316,3.8499999046325684,3.8949999809265137,3.8949999809265137,3082033
2020-09-28 12:30:00-04:00,3.8949999809265137,3.930000066757202,3.890000104904175,3.924999952316284,3.924999952316284,3267142
2020-09-28 13:30:00-04:00,3.924999952316284,3.940000057220459,3.9000000953674316,3.9000000953674316,3.9000000953674316,3716712
2020-09-28 14:30:00-04:00,3.9010000228881836,3.9100000858306885,3.890000104904175,3.9100000858306885,3.9100000858306885,1526765
2020-09-28 15:30:00-04:00,3.9100000858306885,3.9100000858306885,3.880000114440918,3.9000000953674316,3.9000000953674316,3788640
